business_date,phase,stall,dish_id,dish_name,price,unit_cost,predicted_qty,prepared_qty,sold_qty,discount_sold_qty,leftover_qty,revenue,weather,event_tag,recommendation_adopted
2026-06-22,基线期,拾味小厨,1,香菇滑鸡饭,12.79,5.19,73,84,80,0,4,1016.93,晴,正常教学,false
2026-06-22,基线期,拾味小厨,2,番茄牛腩饭,16.11,7.16,57,63,54,0,9,885.31,晴,正常教学,false
2026-06-22,基线期,拾味小厨,3,照烧鸡腿饭,15.23,6.42,54,59,50,0,9,760.56,晴,正常教学,false
2026-06-22,基线期,谷禾轻食,4,鸡胸谷物碗,18.28,8.01,37,45,42,0,3,760.79,晴,正常教学,false
2026-06-22,基线期,谷禾轻食,5,金枪鱼全麦卷,13.98,6.26,33,40,36,0,4,508.07,晴,正常教学,false
2026-06-22,基线期,暖食面坊,6,红烧牛肉面,15.33,6.83,64,70,60,0,10,907.9,晴,正常教学,false
2026-06-22,基线期,麦香烘焙,7,全麦鸡蛋三明治,9.0,3.35,39,44,44,0,0,400.43,晴,正常教学,false
2026-06-23,基线期,拾味小厨,1,香菇滑鸡饭,13.4,5.04,79,87,78,0,9,1039.9,多云,正常教学,false
2026-06-23,基线期,拾味小厨,2,番茄牛腩饭,16.06,7.17,58,64,53,0,11,863.26,多云,正常教学,false
2026-06-23,基线期,拾味小厨,3,照烧鸡腿饭,14.98,6.54,46,55,48,0,7,717.75,多云,正常教学,false
2026-06-23,基线期,谷禾轻食,4,鸡胸谷物碗,17.71,8.34,48,51,43,0,8,766.26,多云,正常教学,false
2026-06-23,基线期,谷禾轻食,5,金枪鱼全麦卷,14.33,6.05,39,44,37,0,7,529.6,多云,正常教学,false
2026-06-23,基线期,暖食面坊,6,红烧牛肉面,15.07,6.7,56,62,59,0,3,888.9,多云,正常教学,false
2026-06-23,基线期,麦香烘焙,7,全麦鸡蛋三明治,8.98,3.6,44,50,40,0,10,364.6,多云,正常教学,false
2026-06-24,基线期,拾味小厨,1,香菇滑鸡饭,12.87,5.12,88,96,82,0,14,1060.24,晴,正常教学,false
2026-06-24,基线期,拾味小厨,2,番茄牛腩饭,16.22,7.0,50,55,54,0,1,874.33,晴,正常教学,false
2026-06-24,基线期,拾味小厨,3,照烧鸡腿饭,14.84,6.31,48,54,53,0,1,791.21,晴,正常教学,false
2026-06-24,基线期,谷禾轻食,4,鸡胸谷物碗,17.95,8.4,38,47,44,0,3,780.62,晴,正常教学,false
2026-06-24,基线期,谷禾轻食,5,金枪鱼全麦卷,14.34,5.96,36,41,37,0,4,534.19,晴,正常教学,false
2026-06-24,基线期,暖食面坊,6,红烧牛肉面,14.98,7.0,61,73,65,0,8,965.56,晴,正常教学,false
2026-06-24,基线期,麦香烘焙,7,全麦鸡蛋三明治,9.13,3.54,48,55,44,0,11,401.44,晴,正常教学,false
2026-06-25,基线期,拾味小厨,1,香菇滑鸡饭,13.23,5.08,81,89,70,0,19,929.08,小雨,正常教学,false
2026-06-25,基线期,拾味小厨,2,番茄牛腩饭,16.02,7.1,55,66,47,0,19,751.24,小雨,正常教学,false
2026-06-25,基线期,拾味小厨,3,照烧鸡腿饭,15.04,6.53,48,53,41,0,12,617.58,小雨,正常教学,false
2026-06-25,基线期,谷禾轻食,4,鸡胸谷物碗,17.67,8.3,39,40,35,0,5,615.41,小雨,正常教学,false
2026-06-25,基线期,谷禾轻食,5,金枪鱼全麦卷,14.32,6.04,36,37,30,0,7,427.87,小雨,正常教学,false
2026-06-25,基线期,暖食面坊,6,红烧牛肉面,15.17,6.7,69,76,56,0,20,843.3,小雨,正常教学,false
2026-06-25,基线期,麦香烘焙,7,全麦鸡蛋三明治,8.78,3.62,41,46,35,0,11,309.05,小雨,正常教学,false
2026-06-26,基线期,拾味小厨,1,香菇滑鸡饭,13.22,5.37,87,93,77,0,16,1026.28,晴,正常教学,false
2026-06-26,基线期,拾味小厨,2,番茄牛腩饭,16.15,7.11,55,62,52,0,10,841.38,晴,正常教学,false
2026-06-26,基线期,拾味小厨,3,照烧鸡腿饭,14.7,6.25,45,52,52,0,0,760.25,晴,正常教学,false
2026-06-26,基线期,谷禾轻食,4,鸡胸谷物碗,18.13,8.21,42,46,42,0,4,765.42,晴,正常教学,false
2026-06-26,基线期,谷禾轻食,5,金枪鱼全麦卷,14.42,6.09,39,46,38,0,8,541.24,晴,正常教学,false
2026-06-26,基线期,暖食面坊,6,红烧牛肉面,15.13,6.61,64,71,65,0,6,978.61,晴,正常教学,false
2026-06-26,基线期,麦香烘焙,7,全麦鸡蛋三明治,8.9,3.45,39,43,43,0,0,384.32,晴,正常教学,false
2026-06-27,基线期,拾味小厨,1,香菇滑鸡饭,13.24,5.07,79,88,73,0,15,961.71,晴,考试周,false
2026-06-27,基线期,拾味小厨,2,番茄牛腩饭,15.73,7.29,59,69,53,0,16,839.16,晴,考试周,false
2026-06-27,基线期,拾味小厨,3,照烧鸡腿饭,14.77,6.39,47,53,48,0,5,713.98,晴,考试周,false
2026-06-27,基线期,谷禾轻食,4,鸡胸谷物碗,18.06,8.1,44,48,44,0,4,797.49,晴,考试周,false
2026-06-27,基线期,谷禾轻食,5,金枪鱼全麦卷,13.85,6.04,31,36,33,0,3,452.24,晴,考试周,false
2026-06-27,基线期,暖食面坊,6,红烧牛肉面,15.02,6.85,56,66,61,0,5,917.01,晴,考试周,false
2026-06-27,基线期,麦香烘焙,7,全麦鸡蛋三明治,8.73,3.48,46,52,43,0,9,372.18,晴,考试周,false
2026-06-28,基线期,拾味小厨,1,香菇滑鸡饭,13.23,5.19,78,89,75,0,14,987.68,多云,考试周,false
2026-06-28,基线期,拾味小厨,2,番茄牛腩饭,16.12,7.05,59,61,48,0,13,766.93,多云,考试周,false
2026-06-28,基线期,拾味小厨,3,照烧鸡腿饭,15.26,6.46,45,51,47,0,4,718.46,多云,考试周,false
2026-06-28,基线期,谷禾轻食,4,鸡胸谷物碗,18.38,8.19,45,53,42,0,11,766.61,多云,考试周,false
2026-06-28,基线期,谷禾轻食,5,金枪鱼全麦卷,13.89,6.02,32,38,31,0,7,433.54,多云,考试周,false
2026-06-28,基线期,暖食面坊,6,红烧牛肉面,14.63,6.74,62,67,59,0,8,876.91,多云,考试周,false
2026-06-28,基线期,麦香烘焙,7,全麦鸡蛋三明治,8.86,3.67,46,49,39,0,10,347.09,多云,考试周,false
2026-06-29,干预期,拾味小厨,1,香菇滑鸡饭,12.96,5.19,80,82,77,0,5,996.8,小雨,正常教学,true
2026-06-29,干预期,拾味小厨,2,番茄牛腩饭,15.86,7.04,53,57,49,0,8,774.64,小雨,正常教学,true
2026-06-29,干预期,拾味小厨,3,照烧鸡腿饭,14.79,6.31,48,51,43,0,8,636.58,小雨,正常教学,true
2026-06-29,干预期,谷禾轻食,4,鸡胸谷物碗,18.21,8.18,38,42,41,3,1,724.24,小雨,正常教学,true
2026-06-29,干预期,谷禾轻食,5,金枪鱼全麦卷,13.81,5.95,34,35,35,1,0,482.97,小雨,正常教学,true
2026-06-29,干预期,暖食面坊,6,红烧牛肉面,15.09,6.86,58,60,60,1,0,898.37,小雨,正常教学,true
2026-06-29,干预期,麦香烘焙,7,全麦鸡蛋三明治,9.1,3.34,45,51,45,0,6,409.54,小雨,正常教学,true
2026-06-30,干预期,拾味小厨,1,香菇滑鸡饭,12.67,5.28,79,86,81,2,5,1024.31,晴,正常教学,true
2026-06-30,干预期,拾味小厨,2,番茄牛腩饭,16.13,7.08,55,59,59,0,0,962.47,晴,正常教学,true
2026-06-30,干预期,拾味小厨,3,照烧鸡腿饭,15.01,6.36,51,56,52,2,4,767.01,晴,正常教学,true
2026-06-30,干预期,谷禾轻食,4,鸡胸谷物碗,17.99,8.2,48,48,46,3,2,805.7,晴,正常教学,true
2026-06-30,干预期,谷禾轻食,5,金枪鱼全麦卷,13.71,6.06,35,37,36,0,1,495.11,晴,正常教学,true
2026-06-30,干预期,暖食面坊,6,红烧牛肉面,15.26,6.92,63,70,64,1,6,973.38,晴,正常教学,true
2026-06-30,干预期,麦香烘焙,7,全麦鸡蛋三明治,8.86,3.5,50,52,45,1,7,395.76,晴,正常教学,true
2026-07-01,干预期,拾味小厨,1,香菇滑鸡饭,13.15,5.12,75,80,70,2,10,915.98,高温,正常教学,true
2026-07-01,干预期,拾味小厨,2,番茄牛腩饭,16.12,7.19,52,53,48,2,5,766.22,高温,正常教学,true
2026-07-01,干预期,拾味小厨,3,照烧鸡腿饭,14.87,6.46,43,47,44,0,3,649.3,高温,正常教学,true
2026-07-01,干预期,谷禾轻食,4,鸡胸谷物碗,17.82,8.04,41,47,42,0,5,746.82,高温,正常教学,true
2026-07-01,干预期,谷禾轻食,5,金枪鱼全麦卷,13.97,6.0,30,33,33,0,0,456.28,高温,正常教学,true
2026-07-01,干预期,暖食面坊,6,红烧牛肉面,15.06,6.73,60,66,60,0,6,906.41,高温,正常教学,true
2026-07-01,干预期,麦香烘焙,7,全麦鸡蛋三明治,8.8,3.47,41,45,41,0,4,364.55,高温,正常教学,true
2026-07-02,干预期,拾味小厨,1,香菇滑鸡饭,12.78,5.35,70,75,72,0,3,922.03,晴,正常教学,true
2026-07-02,干预期,拾味小厨,2,番茄牛腩饭,15.89,7.08,50,53,53,1,0,835.9,晴,正常教学,true
2026-07-02,干预期,拾味小厨,3,照烧鸡腿饭,14.84,6.25,47,44,44,2,0,651.35,晴,正常教学,true
2026-07-02,干预期,谷禾轻食,4,鸡胸谷物碗,17.86,8.37,45,46,43,1,3,769.4,晴,正常教学,true
2026-07-02,干预期,谷禾轻食,5,金枪鱼全麦卷,14.1,5.91,36,41,38,3,3,520.66,晴,正常教学,true
2026-07-02,干预期,暖食面坊,6,红烧牛肉面,15.05,6.75,59,61,56,0,5,839.71,晴,正常教学,true
2026-07-02,干预期,麦香烘焙,7,全麦鸡蛋三明治,9.08,3.6,43,42,42,0,0,381.25,晴,正常教学,true
2026-07-03,干预期,拾味小厨,1,香菇滑鸡饭,13.3,5.33,80,84,81,0,3,1065.19,多云,正常教学,true
2026-07-03,干预期,拾味小厨,2,番茄牛腩饭,15.95,7.04,53,59,57,0,2,910.84,多云,正常教学,true
2026-07-03,干预期,拾味小厨,3,照烧鸡腿饭,15.28,6.4,47,53,52,2,1,778.4,多云,正常教学,true
2026-07-03,干预期,谷禾轻食,4,鸡胸谷物碗,17.96,8.32,43,46,40,0,6,710.85,多云,正常教学,true
2026-07-03,干预期,谷禾轻食,5,金枪鱼全麦卷,14.21,6.03,33,39,37,0,2,520.62,多云,正常教学,true
2026-07-03,干预期,暖食面坊,6,红烧牛肉面,14.84,6.99,60,66,60,0,6,878.06,多云,正常教学,true
2026-07-03,干预期,麦香烘焙,7,全麦鸡蛋三明治,8.74,3.56,44,46,44,2,2,384.15,多云,正常教学,true
2026-07-04,干预期,拾味小厨,1,香菇滑鸡饭,13.11,5.25,68,69,69,2,0,892.34,小雨,考试周,true
2026-07-04,干预期,拾味小厨,2,番茄牛腩饭,15.88,7.25,51,55,51,0,4,819.1,小雨,考试周,true
2026-07-04,干预期,拾味小厨,3,照烧鸡腿饭,15.08,6.32,42,42,42,2,0,633.69,小雨,考试周,true
2026-07-04,干预期,谷禾轻食,4,鸡胸谷物碗,18.19,8.27,35,39,39,2,0,703.7,小雨,考试周,true
2026-07-04,干预期,谷禾轻食,5,金枪鱼全麦卷,14.28,6.21,35,36,32,1,4,449.5,小雨,考试周,true
2026-07-04,干预期,暖食面坊,6,红烧牛肉面,14.81,6.8,62,64,57,0,7,843.76,小雨,考试周,true
2026-07-04,干预期,麦香烘焙,7,全麦鸡蛋三明治,8.9,3.46,39,42,42,1,0,365.72,小雨,考试周,true
2026-07-05,干预期,拾味小厨,1,香菇滑鸡饭,13.39,5.07,73,80,76,1,4,1011.14,晴,考试周,true
2026-07-05,干预期,拾味小厨,2,番茄牛腩饭,16.24,7.13,57,59,57,3,2,911.38,晴,考试周,true
2026-07-05,干预期,拾味小厨,3,照烧鸡腿饭,15.38,6.31,46,50,48,3,2,722.22,晴,考试周,true
2026-07-05,干预期,谷禾轻食,4,鸡胸谷物碗,18.08,8.08,39,43,39,2,4,693.0,晴,考试周,true
2026-07-05,干预期,谷禾轻食,5,金枪鱼全麦卷,13.77,6.19,35,40,34,0,6,469.42,晴,考试周,true
2026-07-05,干预期,暖食面坊,6,红烧牛肉面,14.94,6.84,58,60,60,0,0,897.2,晴,考试周,true
2026-07-05,干预期,麦香烘焙,7,全麦鸡蛋三明治,9.18,3.65,47,52,48,3,4,435.69,晴,考试周,true
