文件名,素材属性,适用场景,宽度,高度,格式,SHA256
01_实景素材_食堂与餐品_01.webp,实景素材,食堂与餐品 / 01,2142,1606,WEBP,91cab6c683c50a7d74d3425ef2cc9a37a985a07f62c7a20153b1a64ea077a43f
02_实景素材_食堂与餐品_02.webp,实景素材,食堂与餐品 / 02,2142,1606,WEBP,c08bcab5a20685f6def17cbb7366577b97f479102048623c9ceeaeb197645bc3
03_实景素材_食堂与餐品_03.webp,实景素材,食堂与餐品 / 03,2142,1606,WEBP,341ade308733a68b778b9a2a787ad57e46e4537a7170b8f662c9bdfb9c5d9c26
04_实景素材_食堂与餐品_04.webp,实景素材,食堂与餐品 / 04,2142,1606,WEBP,0357e1c35a1ecfe95611458fa4d8a0aa30d8884072cfdd9d0d160c06b4b7a108
05_实景素材_食堂与餐品_05.webp,实景素材,食堂与餐品 / 05,2142,1606,WEBP,f149f0eb7f80104c1d3d52da889a626950d99f1e5d20086af694de1a8bd68e86
06_实景素材_食堂与餐品_06.webp,实景素材,食堂与餐品 / 06,2142,1606,WEBP,7e68a3ed510c1dfada591f060a49662ffde326fe617c4b75650e380a71ae90f6
07_实景素材_食堂与餐品_07.webp,实景素材,食堂与餐品 / 07,2142,1606,WEBP,85d77a677c7cd434976881b854ce66ad5b5e9a314b669d975480b1d7e1ebbd40
08_实景素材_食堂与餐品_08.webp,实景素材,食堂与餐品 / 08,2142,1606,WEBP,1d203c875d3a983699c1601fb99da45b1ab46bc74eda34e8509384e8e4f39a7a
09_实景素材_食堂与餐品_09.webp,实景素材,食堂与餐品 / 09,2142,1606,WEBP,043e72997bcd5836975f8a7a310008b75013e5dcaa4b0e874a63af52ff5a1293
10_实景素材_食堂与餐品_10.webp,实景素材,食堂与餐品 / 10,1440,1440,WEBP,433e5d156b7ba0c6dc354e5d57c28e688eb5b55971705f47c03e6f5a183fa06c
11_实景素材_食堂与餐品_11.webp,实景素材,食堂与餐品 / 11,1440,1440,WEBP,b7a1a07243353c43963d0c3ec79172a98c0f03f63a6417c93cb69d634d5a8e34
12_实景素材_食堂与餐品_12.webp,实景素材,食堂与餐品 / 12,1440,1440,WEBP,5839cc8d390f2d0861eef78a27c3a59f03e7ac8a1f86fc8d834ce4d6f374af9f
13_实景素材_食堂与餐品_13.webp,实景素材,食堂与餐品 / 13,1440,1440,WEBP,b1f29eb921df7300e5b1c93e0dcbd1d8b638aa25403a665da7baaf94c590ec98
14_实景素材_食堂与餐品_14.webp,实景素材,食堂与餐品 / 14,1440,1440,WEBP,f6c4cedb7c8254a46bdc530b5042c41b30e45fb94155cff17391a415bb30503e
15_实景素材_食堂与餐品_15.webp,实景素材,食堂与餐品 / 15,1440,1440,WEBP,886861f2872667cff4f00125fd0944183cfab956510c22f5c4e5c5f240a55db4
16_实景素材_食堂与餐品_16.webp,实景素材,食堂与餐品 / 16,1920,1440,WEBP,82520dcd9189c981bf26daf22845d2f436ac28e558ea02add570ab5c00910de8
17_实景素材_食堂与餐品_17.webp,实景素材,食堂与餐品 / 17,1440,1920,WEBP,09eed195ba0bc3ac153e87bc340852d6afeb3ead123f65fc2d6d7a75f3d16da2
18_公开参考_高校食堂空间_18.jpg,公开参考,高校食堂空间 / 18,1441,1080,JPEG,4ba93b07004e1cde7cd0210227767612cb545c2873b93a04a996f23600bde0f1
19_公开参考_高校食堂空间_19.jpg,公开参考,高校食堂空间 / 19,1440,1080,JPEG,b51671c32373aededc8a5a58d95aebd45ee72b7a059c02a3eebb23f20ebedfe6
20_公开参考_高校食堂空间_20.jpg,公开参考,高校食堂空间 / 20,1440,1080,JPEG,5409295f7551e5040091679124792c18daba3fc5a87c49154b198bff2872da67
21_实景精选_档口菜品陈列.jpg,实景精选,档口菜品陈列,1800,1124,JPEG,ceeb2245995c557173b6a8a9bf1dc19ce02faf97581c0c730cee588aef244a7a
22_实景精选_食堂窗口空间.jpg,实景精选,食堂窗口空间,1800,1350,JPEG,587ba9eff9029e0b1b4ecf34abd4ca878c6a056670a9073a447a5f7014e8bed7
23_实景精选_食堂大厅低峰.jpg,实景精选,食堂大厅低峰,1800,1124,JPEG,aa57bf64cec45b7ff39e9159fa1bd705aa496febd624ad14344319a76b8e7f26
24_实景精选_食堂大厅高峰客流.jpg,实景精选,食堂大厅高峰客流,1800,1350,JPEG,48c6bfc08c5519ef426a8e0035eab79ad2a7737dc7a46f2d6ccf1b73284f96f0
25_实景精选_学生餐品消费.jpg,实景精选,学生餐品消费,1440,1080,JPEG,d6e70276a8d0a1a403e7f2d282259f9a276536b9698069368dbe042ab88bd77d
26_场景优化_档口菜品自然陈列.png,场景优化,档口菜品自然陈列,1448,1086,PNG,c78298d51afab457ce49a02a2d60aa5977e5f0513517530020491fc1cbdd5940
27_场景示意_高校食堂午间客流.png,场景示意,高校食堂午间客流,2048,2048,PNG,0ed6695accd6971d4d9ed6a51c96d24cfb5409e48534bf36534a9da5945fb3a0
28_场景示意_多菜品档口陈列.png,场景示意,多菜品档口陈列,2048,2048,PNG,cfb6e06ae0faa4b10a8f4b0d05313d3559d7b21013c29f10834e0145748d018c
29_场景示意_档口备餐操作.png,场景示意,档口备餐操作,2048,2048,PNG,0dfc3678ca50c152b7a4bfdbfd3d8a1d0a8edbfe0d555a3e226c4279b173bce6
30_场景示意_食堂低峰观察.png,场景示意,食堂低峰观察,2048,2048,PNG,03fec69f5ace2dd08bceaea67fbe90e8b72b7a6d030d11c2bcbc2f37a83f14aa
31_场景示意_学生餐品消费.png,场景示意,学生餐品消费,2048,2048,PNG,9e5d9e04ffe77789baf149189d8f0044e4de76359664f6d18abbfd5be4c0a831
32_场景示意_高校食堂多档口空间.png,场景示意,高校食堂多档口空间,2048,2048,PNG,4b0a41f69ca913c95778c46344949872caa992dabcff3960105fd3f5133d026d
33_场景示意_档口经营沟通.png,场景示意,档口经营沟通,2048,2048,PNG,8b8cf9401ab2b1e3592c716d8b65a702afe99e5944991971a0fb254872a8efe6
34_场景示意_经营台账采集.png,场景示意,经营台账采集,2048,2048,PNG,bb8875f6bb71c020c1da4528af431417325fb16e657372282d0d94143de61807
35_场景示意_学生扫码取餐.png,场景示意,学生扫码取餐,2048,2048,PNG,97b56d225003c15d978101e623324a346d7318da3b401c10ca21cc1ce81b64dd
36_计划书正式图_品牌标识_食刻有数Logo.png,计划书正式图,品牌标识 / 食刻有数Logo,661,670,PNG,fb655895260c40c60399c4e390413b31656370ef53ca840ed267dece438664fd
37_计划书正式图_项目主视觉_高校食堂经营减损.png,计划书正式图,项目主视觉 / 高校食堂经营减损,1248,832,PNG,436c5312bb99a11223840f9c5030b1e00cb7a3c369800985f9ee11799a82ba7c
38_计划书正式图_行业场景_高校食堂午间客流.jpg,计划书正式图,行业场景 / 高校食堂午间客流,2048,2048,JPEG,d88f5467c42fdfa6239e303821cacb9902560323e2d2a840fc3dfd6585b1bf29
39_计划书正式图_客户场景_多菜品档口陈列.jpg,计划书正式图,客户场景 / 多菜品档口陈列,2048,2048,JPEG,d71f89aad72e7dd93d671d8770616e04b748179cb31bd907e941f081dadad614
40_计划书正式图_调研场景_食堂低峰观察.jpg,计划书正式图,调研场景 / 食堂低峰观察,2048,2048,JPEG,c665e3043a3b5a3ea1ca967a521604abb3d84bde04f8a273863f7bd5f7e8f8f8
41_计划书正式图_用户场景_学生餐品消费.jpg,计划书正式图,用户场景 / 学生餐品消费,2048,2048,JPEG,f754b3816695fd805c8d1f9082b8ad2558c8b503879685885f7b2fc2df3c8bdf
42_计划书正式图_市场场景_高校食堂多档口空间.jpg,计划书正式图,市场场景 / 高校食堂多档口空间,2048,2048,JPEG,8894aa7b2044a66f437c20734d98404ee5b92acc35fe25a6703294831a66dd9d
43_计划书正式图_调研场景_档口经营者访谈.jpg,计划书正式图,调研场景 / 档口经营者访谈,1248,832,JPEG,c402f65aa349021210a882b97aa13128d33f864d3f40377735ea0dca72edd33f
44_计划书正式图_数据场景_经营台账采集.jpg,计划书正式图,数据场景 / 经营台账采集,1248,832,JPEG,cb08f098ab25525e2b4953232d527b60a252cd86941c3cfb80303519228c049e
45_计划书正式图_服务场景_学生扫码取餐.jpg,计划书正式图,服务场景 / 学生扫码取餐,1600,900,JPEG,8a83d6cfb1d52a30f9837daa8814f86d35adbc74a74f7196e44c0affb53f4edc
46_计划书正式图_经营痛点_高校食堂供需偏差形成机制.png,计划书正式图,经营痛点 / 高校食堂供需偏差形成机制,2400,1600,PNG,5dc06760ad55b8472b0574fab7c8f5ecdbe8f3cba15bef53a33799adfb7a42a6
47_计划书正式图_服务流程_经营减损服务闭环.png,计划书正式图,服务流程 / 经营减损服务闭环,2400,1600,PNG,d3aa6b8c5dde3f46be9dbfd0a2ddcb935bb78c5f47994597823843bfcd216540
48_计划书正式图_技术架构_轻量化产品架构.png,计划书正式图,技术架构 / 轻量化产品架构,2400,1600,PNG,4576bcd662d785e7d0323881f41f35c198f879708c7329dadf45ded945cab75b
49_计划书正式图_经营测算_十四日备餐与销售走势.png,计划书正式图,经营测算 / 十四日备餐与销售走势,2400,1600,PNG,7c2b4e098274c152087d45aaf1b40aa2c4000303f47a527e6b00bbffeea23036
50_计划书正式图_经营测算_策略阶段菜品剩余率.png,计划书正式图,经营测算 / 策略阶段菜品剩余率,2400,1600,PNG,08dd8370bf4ec606dccc2ccb992636d0761ad8f884373190914b3bdbd4098373
51_计划书正式图_经营测算_经营关键指标阶段对比.png,计划书正式图,经营测算 / 经营关键指标阶段对比,2400,1600,PNG,b0a50238017907c9459175f9d293205cc707d066b5feda26223203b65709b285
52_计划书正式图_网站界面_经营驾驶舱总览.png,计划书正式图,网站界面 / 经营驾驶舱总览,2544,1353,PNG,a04d6653bdcfd5f147f7c4dc114e1992c3439bfdeaab13d973e056818e050c77
53_计划书正式图_网站界面_经营趋势分析.png,计划书正式图,网站界面 / 经营趋势分析,2543,1349,PNG,d27126b667d6f2b3548bb1281c3b36da4f8dd2e5f7eda95a6e3cc3a8e531bc43
54_计划书正式图_网站界面_档口经营管理.png,计划书正式图,网站界面 / 档口经营管理,2549,1356,PNG,9be2dba7242a9564ef65fda0d3c8fffdb9b9acdc4e8262e1f367710df4f73cbc
55_计划书正式图_网站界面_智能备餐决策.png,计划书正式图,网站界面 / 智能备餐决策,2538,1347,PNG,242f84e5f86c459772f15d33f1c0fe2ab8f6de5705d8672c2099487ab26586a3
56_计划书正式图_网站界面_限时优惠活动.png,计划书正式图,网站界面 / 限时优惠活动,2559,1350,PNG,6b0a5e10829245170cd06e09f7ddf9e1c4c1d40a515ecdd7003ceb69eece6784
57_计划书正式图_网站界面_订单核销管理.png,计划书正式图,网站界面 / 订单核销管理,2543,1345,PNG,022dc207c7353dd56a82205b4b7504951485d91a092662a36e1fdfdab8400f3a
58_计划书正式图_网站界面_经营复盘总览.png,计划书正式图,网站界面 / 经营复盘总览,2553,1347,PNG,0b37315b1a11a8190e9639d9c030cc3b7e4979e26388bfc99b1383cc9e2b2098
59_计划书正式图_网站界面_营业日经营分析总览.png,计划书正式图,网站界面 / 营业日经营分析总览,2537,1339,PNG,4657489d9e4f3bc1c9d89605db8b6c01f089c212b26add26cc50c6f567196765
60_计划书正式图_网站界面_营业日经营分析明细.png,计划书正式图,网站界面 / 营业日经营分析明细,2543,1341,PNG,2690dfe2c81cb5d2e46af317d340a9257071ce482605bc59742f4a11e179caa1
61_计划书正式图_网站界面_经营周期分析总览.png,计划书正式图,网站界面 / 经营周期分析总览,2540,1343,PNG,7ad0ec1e080a54257549ff90e19f7d38dfd17eb79979c48c61e2d86f22dfd2b1
62_计划书正式图_网站界面_经营周期分析明细.png,计划书正式图,网站界面 / 经营周期分析明细,2550,1353,PNG,6b28b63e0e844da347371727500091899b374ca3f42dad1b92dc22f6e6561653
63_计划书正式图_网站界面_减损场景分析.png,计划书正式图,网站界面 / 减损场景分析,2543,1373,PNG,b4a44504e16285a04201229c8d689719cb26cbacf72781c46d3cc13a97e2a4b8
64_计划书正式图_网站界面_经营服务闭环.jpg,计划书正式图,网站界面 / 经营服务闭环,1585,991,JPEG,03fd893e5832c94369d01de7d31e4532fde80772becb0b521be8820e5e72a662
65_计划书正式图_网站界面_移动端驾驶舱.jpg,计划书正式图,网站界面 / 移动端驾驶舱,375,812,JPEG,f4ed8192b1e45546eba8b295ebcfbd5873694a670631ba4894e2e3dc3fcccecd
66_计划书正式图_市场分析_目标市场自下而上测算.png,计划书正式图,市场分析 / 目标市场自下而上测算,2400,1600,PNG,f64d408aff660c1c9d7c6eabd55e1a8f6c937ac8df48bb2e4a2211ba88432e2f
67_计划书正式图_商业模式_多方价值与收入结构.png,计划书正式图,商业模式 / 多方价值与收入结构,2400,1600,PNG,3a33d3fe50b01223b10a7b13ed78e83986cee5584899968a966e546b7fa643c9
68_计划书正式图_财务分析_单档口单位经济关系.png,计划书正式图,财务分析 / 单档口单位经济关系,2400,1600,PNG,1ddf98d83eafbc81305fab291fe217b714641559a6cd5bcd91bbe4a7b83f8afe
69_计划书正式图_财务分析_三年营业收入与利润趋势.png,计划书正式图,财务分析 / 三年营业收入与利润趋势,2400,1600,PNG,22566d562df5666aae2a84f3d4724613627a46970daed6647e94dd51946ce59f
70_计划书正式图_竞争分析_主要替代方案定位矩阵.png,计划书正式图,竞争分析 / 主要替代方案定位矩阵,2400,1600,PNG,ee77946643346d06f79154d5ed26a32639f3560eee8a160a5df7999333f34350
71_计划书正式图_试点设计_前后对照验证流程.png,计划书正式图,试点设计 / 前后对照验证流程,2400,1600,PNG,7f511a8c55c2edf9a5ba672c9f81f3371e9cb66437aa9889644aac42d012923f
72_计划书正式图_财务分析_单档口利润改善路径.png,计划书正式图,财务分析 / 单档口利润改善路径,2400,1600,PNG,fe74002965a8364eaad3baaf01b8702075e975df6d7566d1381a59582c4c1f8d
73_计划书正式图_财务分析_付费档口盈亏平衡曲线.png,计划书正式图,财务分析 / 付费档口盈亏平衡曲线,2400,1600,PNG,cef89123fabd11d12f26319a01d9a4d54d57b89465701dbb331846ed54c5a762
74_计划书正式图_财务分析_单位经济敏感性分析.png,计划书正式图,财务分析 / 单位经济敏感性分析,2400,1600,PNG,eb13bc3ac2c6e151944177f98efb9cd5d3108acf60b85b2624e1afcd3789bb9e
75_计划书正式图_风险管理_概率影响矩阵.png,计划书正式图,风险管理 / 概率影响矩阵,2400,1600,PNG,c68a92f5ffc22729883da2b388152462c3003b11dae6262b6d1a14e2db0b4255
76_计划书正式图_营销策略_校园档口获客转化漏斗.png,计划书正式图,营销策略 / 校园档口获客转化漏斗,2400,1600,PNG,5a0855f9bfe1c8ef7ec0caf3dd2ac30ae70d2ee704ee7a5fa162036d36a9fc32
77_计划书正式图_发展战略_三阶段实施路线图.png,计划书正式图,发展战略 / 三阶段实施路线图,2400,1600,PNG,a7c164c94b8fbc3455e5216f7a0ae2b8153ff1c3b676d85aa5fea45ceb10f16d
78_计划书正式图_团队管理_组织与岗位协同结构.png,计划书正式图,团队管理 / 组织与岗位协同结构,2400,1600,PNG,edbcfd5d8a5ae50382455994a189637ff11eeea1a498262d2935730fa6ba8f4d
79_计划书正式图_数据方法_高校餐饮经营减损数据闭环.png,计划书正式图,数据方法 / 高校餐饮经营减损数据闭环,2400,1600,PNG,6cef22c11fe9b2dce677681de99f1cbbf1f54e85b89a8c456b1bfde01c97677e
80_计划书正式图_数据方法_需求预测回测结果.png,计划书正式图,数据方法 / 需求预测回测结果,2400,1600,PNG,65d9fe5f99b11ec33a845f337fbbade21d8a33a7332fd36425cac1580f342743
81_计划书正式图_市场分析_客户决策链与付费关系.png,计划书正式图,市场分析 / 客户决策链与付费关系,2400,1600,PNG,4b2ed02cd75d0794dbb9408569a469cf57aca0b011792523caa19b094b01f349
82_计划书正式图_食品安全_限时优惠决策流程.png,计划书正式图,食品安全 / 限时优惠决策流程,2400,1600,PNG,64c1d12d3b649310d16f1368037bfebc2694e0725bb290ac181920e2fbc162e2
83_计划书正式图_运营管理_单档口服务交付SOP.png,计划书正式图,运营管理 / 单档口服务交付SOP,2400,1600,PNG,9167b9afe6e30aaa37c543debdaaabbd80416220c564612c6770ad40f3abb0f4
84_计划书正式图_商业模式_产品版本与收费体系.png,计划书正式图,商业模式 / 产品版本与收费体系,2400,1600,PNG,de57a553867c1a08cdea0ba07b5fd15b5e8fa4c7ed2352c5b26ac6c660c631d1
85_计划书正式图_融资计划_首期启动资金使用结构.png,计划书正式图,融资计划 / 首期启动资金使用结构,2400,1600,PNG,77a34a7dc0f218f0b5830a33369f7bb53508ca20d95091b0895e051ef6ce761f
86_计划书正式图_财务分析_三年累计经营现金变化.png,计划书正式图,财务分析 / 三年累计经营现金变化,2400,1600,PNG,dec3c9e88ddb4c782fd4bfac37cd9785e7a1309b19ecc1eaea955b38d83563b0
87_计划书正式图_社会价值_高校餐饮减损价值传导路径.png,计划书正式图,社会价值 / 高校餐饮减损价值传导路径,2400,1600,PNG,11a3ccb95209dee0b867676d78fca6e9ab18d184996541afe1cc3a0401ff00aa
