day_of_week,is_weekend,is_exam_week,has_campus_event,weather_code,temp_max_c,category_id,price,unit_cost,discount_rate,promotion_flag,lag_1_sold,lag_2_sold,lag_3_sold,lag_7_sold,rolling_mean_3,rolling_mean_7,rolling_std_7,same_dow_last_4w_mean,is_school_holiday,is_state_holiday,special_day,comp_price_ratio,recent_trend_3d,actual,pred_lightgbm,pred_rule_avg,pred_prepare,pred_waste
5,1,1,0,3,31,4,8,3.2,0.0,0,58.0,68.0,41.0,58.0,55.666666666666664,55.857142857142854,11.408017231002058,56.25,0,0,0,1.0,0,36.0,37.1,56.2,44.9,7.8
5,1,1,0,3,31,4,15,6.0,0.0,0,36.0,58.0,68.0,68.0,54.0,52.714285714285715,13.548853404307307,50.75,0,0,0,1.0,0,60.0,59.4,57.5,72.0,12.6
5,1,1,0,3,31,4,14,5.6,0.0,0,60.0,36.0,58.0,40.0,51.333333333333336,51.57142857142857,12.32689664726534,55.5,0,0,0,1.0,0,51.0,52.0,48.5,63.0,11.0
5,1,1,0,3,31,4,8,3.2,0.0,0,41.0,58.0,68.0,41.0,55.666666666666664,53.714285714285715,12.284329933079116,58.75,0,0,0,1.0,0,36.0,38.1,52.0,46.2,8.1
5,1,1,0,3,31,4,14,5.6,0.0,0,36.0,41.0,58.0,58.0,45.0,53.0,13.253930234713323,50.75,0,0,0,1.0,0,51.0,52.6,48.2,63.7,11.1
5,1,0,0,1,33,4,14,5.6,0.0,0,67.0,48.0,79.0,79.0,64.66666666666667,69.42857142857143,11.193110125684623,68.25,1,0,0,1.0,0,59.0,62.7,68.2,76.0,13.3
5,1,0,0,1,33,4,15,6.0,0.0,0,59.0,67.0,48.0,67.0,58.0,66.57142857142857,10.891237194140777,63.25,1,0,0,1.0,0,70.0,72.9,60.2,88.3,15.4
5,1,0,0,1,33,4,8,3.2,0.0,0,70.0,59.0,67.0,67.0,65.33333333333333,67.0,10.969655114602347,61.0,1,0,0,1.0,0,42.0,43.7,65.8,52.9,9.2
5,1,0,0,1,33,4,15,6.0,0.0,0,80.0,67.0,48.0,67.0,65.0,65.14285714285714,12.979837844756679,68.5,1,0,0,1.0,0,70.0,72.9,65.5,88.3,15.4
5,1,0,0,1,33,4,8,3.2,0.0,0,70.0,80.0,67.0,48.0,72.33333333333333,65.57142857142857,13.100345324419319,66.25,1,0,0,1.0,0,42.0,44.0,66.2,53.3,9.3
5,1,0,0,1,33,4,14,5.6,0.0,0,42.0,70.0,80.0,67.0,64.0,64.71428571428571,14.556948921554573,64.75,1,0,0,1.0,0,60.0,60.4,64.8,73.2,12.8
5,1,0,0,1,33,4,14,5.6,0.0,0,67.0,48.0,79.0,67.0,64.66666666666667,65.0,12.793227374929824,65.25,1,0,0,1.0,0,59.0,60.7,65.2,73.5,12.8
5,1,0,0,1,33,4,8,3.2,0.0,0,59.0,67.0,48.0,48.0,58.0,63.857142857142854,12.941259230699965,63.25,1,0,0,1.0,0,42.0,43.6,55.5,52.8,9.2
5,1,0,0,1,33,4,15,6.0,0.0,0,48.0,67.0,79.0,66.0,64.66666666666667,64.85714285714286,12.772738827003561,65.25,1,0,0,1.0,0,70.0,73.0,65.0,88.4,15.4
5,1,0,0,1,33,4,14,5.6,0.0,0,70.0,48.0,67.0,79.0,61.666666666666664,65.42857142857143,12.921005415693022,66.0,1,0,0,1.0,0,60.0,60.1,66.0,72.8,12.7
5,1,0,0,1,33,4,8,3.2,0.0,0,60.0,70.0,48.0,48.0,59.333333333333336,62.714285714285715,11.51396667406218,61.25,1,0,0,1.0,0,42.0,43.4,56.5,52.6,9.2
5,1,0,0,2,32,4,15,6.0,0.0,0,43.0,61.0,71.0,79.0,58.333333333333336,64.0,14.224392195567443,55.75,1,0,0,1.0,0,63.0,68.2,63.5,82.6,14.4
5,1,0,0,2,32,4,8,3.2,0.0,0,63.0,43.0,61.0,67.0,55.666666666666664,61.714285714285715,12.605743211121958,59.5,1,0,0,1.0,0,38.0,39.8,58.5,48.2,8.4
5,1,0,0,2,32,4,14,5.6,0.0,0,38.0,63.0,43.0,79.0,48.0,57.57142857142857,15.098091963965647,51.25,1,0,0,1.0,0,53.0,57.1,55.8,69.2,12.1
5,1,0,0,2,32,4,8,3.2,0.0,0,43.0,71.0,42.0,61.0,52.0,56.0,13.127579111676132,56.75,1,0,0,1.0,0,38.0,40.3,54.2,48.8,8.5
5,1,0,0,2,32,4,15,6.0,0.0,0,38.0,43.0,71.0,43.0,50.666666666666664,52.714285714285715,14.476582074903213,48.5,1,0,0,1.0,0,63.0,62.9,48.8,76.2,13.3
6,1,1,0,3,31,4,15,6.0,0.0,0,36.0,51.0,60.0,58.0,49.0,53.0,11.44552314225878,51.25,0,0,0,1.0,0,60.0,64.1,51.2,77.7,13.6
6,1,1,0,3,31,4,14,5.6,0.0,0,60.0,36.0,51.0,40.0,49.0,53.285714285714285,11.614850920470026,51.75,0,0,0,1.0,0,51.0,54.1,46.8,65.5,11.4
6,1,1,0,3,31,4,8,3.2,0.0,0,51.0,60.0,36.0,68.0,49.0,54.857142857142854,10.17232473312629,49.5,0,0,0,1.0,0,36.0,39.8,53.8,48.2,8.4
6,1,1,0,3,31,4,15,6.0,0.0,0,51.0,60.0,36.0,58.0,49.0,53.142857142857146,11.260973484095642,51.25,0,0,0,1.0,0,60.0,64.3,51.2,77.9,13.6
6,1,1,0,3,31,4,8,3.2,0.0,0,60.0,51.0,60.0,41.0,57.0,53.42857142857143,11.42886904374309,51.75,0,0,0,1.0,0,36.0,39.0,53.0,47.2,8.2
6,1,0,0,3,31,4,8,3.2,0.0,0,51.0,36.0,41.0,42.0,42.666666666666664,52.0,13.076696830621286,46.5,0,0,0,1.0,0,33.0,38.9,42.5,47.1,8.2
6,1,0,0,3,31,4,15,6.0,0.0,0,33.0,51.0,36.0,68.0,40.0,50.714285714285715,14.579829511054259,40.25,0,0,0,1.0,0,56.0,36.8,47.0,44.6,7.8
6,1,0,0,3,31,4,14,5.6,0.0,0,56.0,33.0,51.0,68.0,46.666666666666664,49.0,12.806248474864887,44.0,0,0,0,1.0,0,47.0,52.8,52.0,64.0,11.2
6,1,0,0,1,33,4,14,5.6,0.0,0,42.0,70.0,59.0,79.0,57.0,63.42857142857143,14.478226673837986,59.5,1,0,0,1.0,0,59.0,63.3,62.5,76.7,13.4
6,1,0,0,1,33,4,8,3.2,0.0,0,59.0,42.0,70.0,79.0,57.0,60.57142857142857,12.765280292745848,57.5,1,0,0,1.0,0,42.0,45.1,62.5,54.6,9.5
6,1,0,0,1,33,4,15,6.0,0.0,0,42.0,59.0,42.0,48.0,47.666666666666664,55.285714285714285,11.45591965920139,53.25,1,0,0,1.0,0,70.0,71.7,47.8,86.9,15.2
6,1,0,0,1,33,4,8,3.2,0.0,0,60.0,42.0,70.0,79.0,57.333333333333336,63.714285714285715,14.61408322719612,63.0,1,0,0,1.0,0,42.0,45.1,62.8,54.6,9.5
6,1,0,0,1,33,4,15,6.0,0.0,0,42.0,60.0,42.0,48.0,48.0,58.42857142857143,14.853250405854975,53.5,1,0,0,1.0,0,70.0,72.4,48.0,87.7,15.3
6,1,0,0,1,33,4,14,5.6,0.0,0,70.0,42.0,60.0,67.0,57.333333333333336,61.57142857142857,14.604304649167638,53.5,1,0,0,1.0,0,59.0,64.2,59.8,77.8,13.6
6,1,0,0,1,33,4,14,5.6,0.0,0,42.0,59.0,67.0,79.0,56.0,63.0,14.294521094927225,54.0,1,0,0,1.0,0,59.0,63.3,61.8,76.7,13.4
6,1,0,0,1,33,4,15,6.0,0.0,0,59.0,42.0,59.0,67.0,53.333333333333336,60.142857142857146,12.442247538507997,56.75,1,0,0,1.0,0,70.0,74.3,56.8,90.0,15.7
6,1,0,0,1,33,4,8,3.2,0.0,0,70.0,59.0,42.0,79.0,57.0,60.57142857142857,12.765280292745855,57.5,1,0,0,1.0,0,42.0,45.3,62.5,54.9,9.6
6,1,0,0,1,33,4,8,3.2,0.0,0,42.0,60.0,70.0,67.0,57.333333333333336,61.857142857142854,12.928374110569457,55.0,1,0,0,1.0,0,42.0,45.8,59.8,55.5,9.7
6,1,0,0,1,33,4,14,5.6,0.0,0,42.0,42.0,60.0,79.0,48.0,58.285714285714285,14.614083227196021,53.5,1,0,0,1.0,0,60.0,63.1,55.8,76.4,13.3
6,1,0,0,1,33,4,15,6.0,0.0,0,60.0,42.0,42.0,67.0,48.0,55.57142857142857,11.573779890440417,51.0,1,0,0,1.0,0,70.0,72.9,52.8,88.3,15.4
6,1,0,0,2,32,4,15,6.0,0.0,0,53.0,38.0,63.0,48.0,51.333333333333336,53.857142857142854,11.781745363463974,49.25,1,0,0,1.0,0,64.0,67.5,50.5,81.8,14.3
6,1,0,0,2,32,4,14,5.6,0.0,0,64.0,53.0,38.0,71.0,51.666666666666664,56.142857142857146,12.005950905398517,54.5,1,0,0,1.0,0,53.0,59.4,56.5,72.0,12.6
6,1,0,0,2,32,4,8,3.2,0.0,0,53.0,64.0,53.0,61.0,56.666666666666664,53.57142857142857,10.064080399405361,52.0,1,0,0,1.0,0,38.0,41.9,57.8,50.8,8.9
6,1,0,0,2,32,4,14,5.6,0.0,0,63.0,38.0,43.0,61.0,48.0,55.57142857142857,14.210995072561346,53.75,1,0,0,1.0,0,53.0,59.1,51.2,71.6,12.5
6,1,0,0,2,32,4,8,3.2,0.0,0,53.0,63.0,38.0,71.0,51.333333333333336,54.42857142857143,14.022091413873643,49.25,1,0,0,1.0,0,38.0,42.3,56.2,51.2,8.9
6,1,0,0,2,32,4,15,6.0,0.0,0,38.0,53.0,63.0,42.0,51.333333333333336,49.714285714285715,13.034752084513952,48.0,1,0,0,1.0,0,63.0,66.6,49.0,80.7,14.1
0,0,1,0,1,31,4,8,3.2,0.0,0,68.0,58.0,42.0,78.0,56.0,58.857142857142854,13.99319562535692,59.0,0,0,0,1.0,0,47.0,48.7,61.5,59.0,10.3
0,0,1,0,1,31,4,15,6.0,0.0,0,47.0,68.0,58.0,58.0,57.666666666666664,54.42857142857143,11.63123872533342,53.75,0,0,0,1.0,0,78.0,73.1,57.8,88.6,15.5
0,0,1,0,1,31,4,14,5.6,0.0,0,78.0,47.0,68.0,40.0,64.33333333333333,57.285714285714285,14.705036390233056,62.75,0,0,0,1.0,0,66.0,66.5,58.2,80.6,14.1
0,0,1,0,1,31,4,15,6.0,0.0,0,68.0,41.0,58.0,66.0,55.666666666666664,57.142857142857146,11.810003830489373,52.0,0,0,0,1.0,0,78.0,73.3,58.2,88.8,15.5
0,0,1,0,1,31,4,8,3.2,0.0,0,78.0,68.0,41.0,68.0,62.333333333333336,58.857142857142854,13.981280001350902,61.25,0,0,0,1.0,0,47.0,49.2,63.8,59.6,10.4
0,0,1,0,1,31,4,14,5.6,0.0,0,47.0,78.0,68.0,58.0,64.33333333333333,55.857142857142854,13.945472042070607,58.5,0,0,0,1.0,0,66.0,64.1,62.8,77.7,13.6
0,0,0,0,1,31,4,14,5.6,0.0,0,38.0,63.0,54.0,66.0,51.666666666666664,55.42857142857143,11.886366740333077,49.0,0,0,0,1.0,0,62.0,64.9,55.2,78.6,13.7
0,0,0,0,1,31,4,15,6.0,0.0,0,62.0,38.0,63.0,68.0,54.333333333333336,54.857142857142854,11.378760498234076,54.25,0,0,0,1.0,0,72.0,74.0,57.8,89.7,15.7
0,0,0,0,1,31,4,8,3.2,0.0,0,72.0,62.0,38.0,58.0,57.333333333333336,55.42857142857143,12.218253323846923,58.75,0,0,0,1.0,0,43.0,48.0,57.5,58.2,10.2
0,0,0,0,1,33,4,15,6.0,0.0,0,63.0,54.0,38.0,43.0,51.666666666666664,50.285714285714285,10.65698965803231,52.25,1,0,0,1.0,0,72.0,74.9,49.5,90.7,15.8
0,0,0,0,1,33,4,8,3.2,0.0,0,72.0,63.0,54.0,38.0,63.0,54.42857142857143,12.77832987074977,56.75,1,0,0,1.0,0,43.0,48.9,56.8,59.2,10.3
0,0,0,0,1,33,4,14,5.6,0.0,0,43.0,72.0,63.0,62.0,59.333333333333336,55.142857142857146,11.810003830489322,58.0,1,0,0,1.0,0,61.0,66.6,60.0,80.7,14.1
0,0,0,0,1,33,4,8,3.2,0.0,0,54.0,63.0,38.0,43.0,51.666666666666664,53.714285714285715,12.802529511965322,54.5,1,0,0,1.0,0,43.0,48.6,49.5,58.9,10.3
0,0,0,0,1,33,4,15,6.0,0.0,0,43.0,54.0,63.0,72.0,53.333333333333336,53.714285714285715,12.802529511965322,49.5,1,0,0,1.0,0,72.0,76.2,58.0,92.3,16.1
0,0,0,0,1,33,4,14,5.6,0.0,0,72.0,43.0,54.0,43.0,56.333333333333336,53.714285714285715,12.802529511965323,58.0,1,0,0,1.0,0,61.0,66.7,53.0,80.8,14.1
0,0,0,0,1,33,4,8,3.2,0.0,0,38.0,54.0,38.0,61.0,43.333333333333336,51.285714285714285,11.368293418014622,48.25,1,0,0,1.0,0,43.0,47.8,47.8,57.9,10.1
0,0,0,0,1,33,4,15,6.0,0.0,0,43.0,38.0,54.0,62.0,45.0,48.714285714285715,10.827654189069433,43.25,1,0,0,1.0,0,72.0,61.4,49.2,74.4,13.0
0,0,0,0,1,33,4,15,6.0,0.0,0,38.0,54.0,63.0,42.0,51.666666666666664,51.42857142857143,11.830147123022622,48.25,1,0,0,1.0,0,72.0,74.7,49.2,90.5,15.8
0,0,0,0,1,33,4,14,5.6,0.0,0,72.0,38.0,54.0,61.0,54.666666666666664,55.714285714285715,13.199927849730004,56.75,1,0,0,1.0,0,61.0,66.5,56.2,80.6,14.1
0,0,0,0,1,33,4,8,3.2,0.0,0,61.0,72.0,38.0,64.0,57.0,55.714285714285715,13.199927849730004,56.25,1,0,0,1.0,0,43.0,48.4,58.8,58.6,10.2
0,0,0,0,2,32,4,14,5.6,0.0,0,34.0,48.0,57.0,39.0,46.333333333333336,45.285714285714285,9.860937847794753,46.75,1,0,0,1.0,0,55.0,57.3,44.5,69.4,12.1
0,0,0,0,2,32,4,8,3.2,0.0,0,55.0,34.0,48.0,34.0,45.666666666666664,47.57142857142857,10.014275524754227,48.5,1,0,0,1.0,0,39.0,42.3,42.8,51.2,8.9
0,0,0,0,2,32,4,15,6.0,0.0,0,39.0,55.0,34.0,57.0,42.666666666666664,48.285714285714285,9.013217807091591,44.0,1,0,0,1.0,0,65.0,65.2,46.2,79.0,13.8
1,0,1,0,1,31,4,15,6.0,0.0,0,66.0,78.0,47.0,68.0,63.666666666666664,61.0,12.767145334803134,64.75,0,0,0,1.0,0,78.0,80.6,64.8,97.6,17.0
1,0,1,0,1,31,4,14,5.6,0.0,0,78.0,66.0,78.0,42.0,74.0,62.42857142857143,14.164005352266495,67.25,0,0,0,1.0,0,66.0,70.7,66.0,85.7,15.0
1,0,1,0,1,31,4,8,3.2,0.0,0,66.0,78.0,66.0,58.0,70.0,65.85714285714286,10.930516478015978,72.0,0,0,0,1.0,0,47.0,49.2,67.0,59.6,10.4
1,0,1,0,1,31,4,15,6.0,0.0,0,66.0,47.0,78.0,41.0,63.666666666666664,57.0,14.468356276139888,64.75,0,0,0,1.0,0,78.0,76.2,58.0,92.3,16.1
1,0,1,0,1,31,4,8,3.2,0.0,0,78.0,66.0,47.0,58.0,63.666666666666664,62.285714285714285,14.407339399466329,67.25,0,0,0,1.0,0,47.0,49.7,62.2,60.2,10.5
1,0,0,0,1,33,4,14,5.6,0.0,0,43.0,72.0,62.0,41.0,59.0,53.285714285714285,12.983506020001276,53.75,1,0,0,1.0,0,62.0,66.3,54.5,80.3,14.0
1,0,0,0,1,33,4,15,6.0,0.0,0,62.0,43.0,72.0,54.0,59.0,56.285714285714285,12.06529852806847,59.75,1,0,0,1.0,0,72.0,80.5,57.8,97.5,17.0
1,0,0,0,1,33,4,8,3.2,0.0,0,72.0,62.0,43.0,63.0,59.0,58.857142857142854,13.34701678813814,62.25,1,0,0,1.0,0,43.0,47.9,60.0,58.0,10.1
1,0,0,0,1,33,4,8,3.2,0.0,0,61.0,43.0,72.0,54.0,58.666666666666664,55.0,11.718930554163858,59.75,1,0,0,1.0,0,43.0,48.4,57.5,58.6,10.2
1,0,0,0,1,33,4,15,6.0,0.0,0,43.0,61.0,43.0,38.0,49.0,53.42857142857143,12.581165060744382,54.75,1,0,0,1.0,0,72.0,75.9,46.2,92.0,16.1
1,0,0,0,1,33,4,14,5.6,0.0,0,72.0,43.0,61.0,54.0,58.666666666666664,58.285714285714285,12.188988004400224,54.75,1,0,0,1.0,0,62.0,67.7,57.5,82.0,14.3
1,0,0,0,1,33,4,15,6.0,0.0,0,61.0,72.0,43.0,63.0,58.666666666666664,56.285714285714285,12.079104350271367,57.5,1,0,0,1.0,0,72.0,76.2,59.8,92.3,16.1
1,0,0,0,1,33,4,14,5.6,0.0,0,72.0,61.0,72.0,38.0,68.33333333333333,57.57142857142857,13.327379623130392,62.0,1,0,0,1.0,0,61.0,67.6,60.8,81.9,14.3
1,0,0,0,1,33,4,8,3.2,0.0,0,61.0,72.0,61.0,63.0,64.66666666666667,60.857142857142854,10.15592719267142,66.5,1,0,0,1.0,0,43.0,48.2,64.2,58.4,10.2
1,0,0,0,1,33,4,14,5.6,0.0,0,72.0,43.0,38.0,43.0,51.0,50.142857142857146,13.259318376504217,51.75,1,0,0,1.0,0,62.0,65.5,49.0,79.4,13.9
1,0,0,0,1,33,4,15,6.0,0.0,0,62.0,72.0,43.0,63.0,59.0,52.857142857142854,13.496031162635836,53.75,1,0,0,1.0,0,72.0,74.6,60.0,90.4,15.8
1,0,0,0,1,33,4,8,3.2,0.0,0,72.0,62.0,72.0,38.0,68.66666666666667,54.142857142857146,14.971401308589602,62.25,1,0,0,1.0,0,43.0,48.7,61.0,59.0,10.3
1,0,0,0,1,33,4,8,3.2,0.0,0,43.0,61.0,72.0,38.0,58.666666666666664,52.714285714285715,13.387983240132758,53.5,1,0,0,1.0,0,43.0,48.8,53.5,59.1,10.3
1,0,0,0,2,32,4,8,3.2,0.0,0,65.0,39.0,55.0,48.0,53.0,49.42857142857143,10.659223593631296,48.25,1,0,0,1.0,0,39.0,43.0,51.8,52.1,9.1
1,0,0,0,2,32,4,14,5.6,0.0,0,39.0,65.0,39.0,57.0,47.666666666666664,48.142857142857146,11.378760498233895,49.5,1,0,0,1.0,0,55.0,59.0,50.0,71.5,12.5
1,0,0,0,2,32,4,15,6.0,0.0,0,55.0,39.0,65.0,48.0,53.0,47.857142857142854,11.14194135430781,49.5,1,0,0,1.0,0,65.0,70.1,51.8,84.9,14.8
2,0,1,0,1,31,4,8,3.2,0.0,0,0.0,0.0,0.0,0.0,66.0,64.33333333333333,12.816655830077194,58.333333333333336,0,0,0,1.0,0,47.0,48.4,1.0,58.6,10.2
2,0,1,0,1,31,4,15,6.0,0.0,0,47.0,0.0,0.0,0.0,59.0,60.666666666666664,14.278188493875861,59.666666666666664,0,0,0,1.0,0,78.0,81.9,11.8,99.2,17.3
2,0,1,0,1,31,4,14,5.6,0.0,0,78.0,47.0,0.0,0.0,62.5,60.166666666666664,13.452385166454635,65.33333333333333,0,0,0,1.0,0,66.0,66.3,31.2,80.3,14.0
2,0,1,0,1,31,4,8,3.2,0.0,0,47.0,66.0,78.0,68.0,63.666666666666664,64.28571428571429,12.867456181056765,64.25,0,0,0,1.0,0,47.0,47.1,64.8,57.1,10.0
2,0,1,0,1,31,4,14,5.6,0.0,0,47.0,47.0,66.0,47.0,53.333333333333336,61.285714285714285,14.232758993653132,59.5,0,0,0,1.0,0,66.0,68.0,51.8,82.4,14.4
2,0,1,0,1,31,4,15,6.0,0.0,0,66.0,47.0,47.0,78.0,53.333333333333336,64.0,12.793227374929826,56.5,0,0,0,1.0,0,78.0,78.6,59.5,95.2,16.6
2,0,1,0,1,31,4,15,6.0,0.0,0,47.0,78.0,66.0,41.0,63.666666666666664,60.714285714285715,15.510365197873773,59.5,0,0,0,1.0,0,78.0,78.6,58.0,95.2,16.6
2,0,1,0,1,31,4,8,3.2,0.0,0,78.0,47.0,78.0,68.0,67.66666666666667,66.0,13.892443989449387,67.25,0,0,0,1.0,0,47.0,48.2,67.8,58.4,10.2
2,0,1,0,1,31,4,14,5.6,0.0,0,47.0,78.0,47.0,78.0,57.333333333333336,63.0,15.556349186103617,62.5,0,0,0,1.0,0,66.0,67.1,62.5,81.3,14.2
2,0,0,0,1,33,4,14,5.6,0.0,0,43.0,72.0,62.0,38.0,59.0,56.0,14.410644214144249,55.0,1,0,0,1.0,0,62.0,64.6,53.8,78.3,13.7
2,0,0,0,1,33,4,15,6.0,0.0,0,62.0,43.0,72.0,62.0,59.0,59.42857142857143,12.081075322684049,59.75,1,0,0,1.0,0,72.0,80.5,59.8,97.5,17.0
2,0,0,0,1,33,4,8,3.2,0.0,0,72.0,62.0,43.0,72.0,59.0,60.857142857142854,12.992671927263814,62.25,1,0,0,1.0,0,43.0,47.0,62.2,56.9,9.9
2,0,0,0,1,33,4,8,3.2,0.0,0,62.0,72.0,43.0,63.0,59.0,59.42857142857143,12.094863136294638,59.5,1,0,0,1.0,0,43.0,47.7,60.0,57.8,10.1
2,0,0,0,1,33,4,14,5.6,0.0,0,43.0,62.0,72.0,72.0,59.0,56.57142857142857,13.402203088262413,55.0,1,0,0,1.0,0,61.0,65.2,62.2,79.0,13.8
2,0,0,0,1,33,4,15,6.0,0.0,0,43.0,61.0,72.0,54.0,58.666666666666664,58.0,12.0830459735939,59.25,1,0,0,1.0,0,72.0,78.8,57.5,95.5,16.7
2,0,0,0,1,33,4,14,5.6,0.0,0,72.0,43.0,61.0,43.0,58.666666666666664,60.57142857142857,12.972498382566858,62.0,1,0,0,1.0,0,61.0,66.1,54.8,80.1,14.0
2,0,0,0,1,33,4,8,3.2,0.0,0,61.0,72.0,43.0,72.0,58.666666666666664,63.142857142857146,10.447145885017797,59.25,1,0,0,1.0,0,43.0,47.3,62.0,57.3,10.0
2,0,0,0,1,33,4,8,3.2,0.0,0,43.0,72.0,62.0,54.0,59.0,54.857142857142854,14.17072770924294,62.25,1,0,0,1.0,0,43.0,47.1,57.8,57.1,10.0
2,0,0,0,1,33,4,15,6.0,0.0,0,43.0,43.0,72.0,38.0,52.666666666666664,53.285714285714285,14.87407460106598,55.0,1,0,0,1.0,0,72.0,73.3,49.0,88.8,15.5
2,0,0,0,1,33,4,14,5.6,0.0,0,72.0,43.0,43.0,43.0,52.666666666666664,58.142857142857146,14.599412904046561,57.5,1,0,0,1.0,0,60.0,65.7,50.2,79.6,13.9
2,0,0,0,1,33,4,8,3.2,0.0,0,43.0,43.0,61.0,63.0,49.0,53.42857142857143,12.581165060744382,54.75,1,0,0,1.0,0,43.0,47.9,52.5,58.0,10.1
2,0,0,0,1,33,4,15,6.0,0.0,0,43.0,43.0,43.0,54.0,43.0,50.57142857142857,12.313368654394562,47.5,1,0,0,1.0,0,72.0,74.7,45.8,90.5,15.8
2,0,0,0,2,32,4,14,5.6,0.0,0,65.0,55.0,39.0,34.0,53.0,50.285714285714285,12.893335303096487,56.0,1,0,0,1.0,0,56.0,60.5,48.2,73.3,12.8
2,0,0,0,2,32,4,15,6.0,0.0,0,56.0,65.0,55.0,55.0,58.666666666666664,53.42857142857143,10.768118728559871,53.75,1,0,0,1.0,0,65.0,70.9,57.8,85.9,15.0
3,0,1,0,1,31,4,14,5.6,0.0,0,66.0,78.0,47.0,0.0,63.666666666666664,61.0,13.667479650615274,63.666666666666664,0,0,0,1.0,0,66.0,66.7,47.8,80.8,14.1
3,0,1,0,1,31,4,15,6.0,0.0,0,66.0,66.0,78.0,0.0,70.0,64.83333333333333,10.45785191454976,64.25,0,0,0,1.0,0,78.0,80.2,52.5,97.2,17.0
3,0,1,0,1,31,4,8,3.2,0.0,0,78.0,66.0,66.0,0.0,70.0,67.66666666666667,11.465891446662754,72.0,0,0,0,1.0,0,47.0,48.4,52.5,58.6,10.2
3,0,1,0,1,31,4,14,5.6,0.0,0,78.0,66.0,47.0,66.0,63.666666666666664,64.0,12.793227374929826,59.5,0,0,0,1.0,0,66.0,66.7,64.2,80.8,14.1
3,0,1,0,1,31,4,15,6.0,0.0,0,66.0,78.0,66.0,78.0,70.0,64.0,12.793227374929826,64.25,0,0,0,1.0,0,78.0,80.0,72.0,96.9,16.9
3,0,1,0,1,31,4,8,3.2,0.0,0,66.0,47.0,78.0,47.0,63.666666666666664,61.285714285714285,14.232758993653137,59.5,0,0,0,1.0,0,46.0,48.0,59.5,58.2,10.2
3,0,1,0,1,31,4,14,5.6,0.0,0,46.0,66.0,47.0,66.0,53.0,61.142857142857146,14.404033826542344,59.25,0,0,0,1.0,0,66.0,67.1,56.2,81.3,14.2
3,0,1,0,1,31,4,15,6.0,0.0,0,66.0,46.0,66.0,78.0,59.333333333333336,61.142857142857146,14.404033826542344,56.25,0,0,0,1.0,0,78.0,76.1,64.0,92.2,16.1
3,0,0,0,1,33,4,8,3.2,0.0,0,43.0,72.0,62.0,43.0,59.0,56.714285714285715,13.462469878817858,55.0,1,0,0,1.0,0,43.0,48.2,55.0,58.4,10.2
3,0,0,0,1,33,4,15,6.0,0.0,0,43.0,43.0,72.0,62.0,52.666666666666664,56.714285714285715,13.462469878817858,55.0,1,0,0,1.0,0,72.0,74.7,55.0,90.5,15.8
3,0,0,0,1,33,4,14,5.6,0.0,0,61.0,43.0,62.0,43.0,55.333333333333336,55.0,11.846237095943811,59.5,1,0,0,1.0,0,61.0,66.0,52.2,80.0,14.0
3,0,0,0,1,33,4,8,3.2,0.0,0,61.0,61.0,43.0,61.0,55.0,57.57142857142857,10.706028564273083,56.75,1,0,0,1.0,0,43.0,46.4,56.5,56.2,9.8
3,0,0,0,1,33,4,8,3.2,0.0,0,43.0,61.0,72.0,61.0,58.666666666666664,59.0,11.986103064242819,54.75,1,0,0,1.0,0,43.0,47.6,59.2,57.7,10.1
3,0,0,0,1,33,4,14,5.6,0.0,0,43.0,43.0,61.0,72.0,49.0,56.42857142857143,13.339879345494984,54.75,1,0,0,1.0,0,61.0,65.2,54.8,79.0,13.8
3,0,0,0,1,33,4,15,6.0,0.0,0,60.0,72.0,43.0,72.0,58.333333333333336,60.57142857142857,12.985339719045987,54.5,1,0,0,1.0,0,72.0,74.8,61.8,90.6,15.8
3,0,0,0,1,33,4,8,3.2,0.0,0,72.0,60.0,72.0,62.0,68.0,60.57142857142857,12.985339719045987,61.75,1,0,0,1.0,0,43.0,47.0,66.5,56.9,9.9
3,0,0,0,1,33,4,14,5.6,0.0,0,43.0,72.0,60.0,72.0,58.333333333333336,57.857142857142854,14.530755559943916,61.75,1,0,0,1.0,0,61.0,66.0,61.8,80.0,14.0
3,0,0,0,1,33,4,15,6.0,0.0,0,72.0,43.0,43.0,38.0,52.666666666666664,53.142857142857146,14.780940107996214,50.25,1,0,0,1.0,0,72.0,72.6,49.0,88.0,15.4
3,0,0,0,1,33,4,14,5.6,0.0,0,72.0,72.0,43.0,72.0,62.333333333333336,58.0,14.560219778560487,57.5,1,0,0,1.0,0,60.0,65.3,64.8,79.1,13.8
3,0,0,0,1,33,4,8,3.2,0.0,0,60.0,72.0,72.0,61.0,68.0,56.285714285714285,13.288018233409051,61.75,1,0,0,1.0,0,43.0,47.0,66.2,56.9,9.9
3,0,0,0,2,32,4,15,6.0,0.0,0,65.0,56.0,65.0,39.0,62.0,54.857142857142854,11.639423975273532,60.25,1,0,0,1.0,0,65.0,72.9,56.2,88.3,15.4
3,0,0,0,2,32,4,14,5.6,0.0,0,65.0,65.0,56.0,65.0,62.0,58.57142857142857,9.727232269203396,62.75,1,0,0,1.0,0,55.0,60.7,62.8,73.5,12.8
3,0,0,0,2,32,4,8,3.2,0.0,0,55.0,65.0,65.0,39.0,61.666666666666664,57.142857142857146,9.35287070776528,60.25,1,0,0,1.0,0,39.0,42.4,56.0,51.4,9.0
4,0,1,0,1,31,4,14,5.6,0.0,0,47.0,78.0,66.0,0.0,63.666666666666664,63.666666666666664,13.980939405728476,64.25,0,0,0,1.0,0,66.0,65.9,47.8,79.8,13.9
4,0,1,0,1,31,4,15,6.0,0.0,0,66.0,47.0,78.0,47.0,63.666666666666664,64.0,12.793227374929831,64.25,0,0,0,1.0,0,78.0,81.1,59.5,98.3,17.2
4,0,1,0,1,31,4,8,3.2,0.0,0,78.0,66.0,78.0,66.0,74.0,64.0,12.793227374929826,72.0,0,0,0,1.0,0,47.0,48.7,72.0,59.0,10.3
4,0,1,0,1,31,4,14,5.6,0.0,0,47.0,78.0,66.0,47.0,63.666666666666664,61.285714285714285,14.232758993653132,67.25,0,0,0,1.0,0,66.0,66.9,59.5,81.1,14.2
4,0,1,0,1,31,4,14,5.6,0.0,0,78.0,66.0,46.0,47.0,63.333333333333336,61.142857142857146,14.404033826542344,64.0,0,0,0,1.0,0,66.0,67.0,59.2,81.2,14.2
4,0,0,0,1,33,4,15,6.0,0.0,0,72.0,43.0,43.0,72.0,52.666666666666664,58.142857142857146,14.599412904046549,57.5,1,0,0,1.0,0,72.0,75.2,57.5,91.1,15.9
4,0,0,0,1,33,4,14,5.6,0.0,0,72.0,72.0,43.0,43.0,62.333333333333336,58.142857142857146,14.599412904046549,57.5,1,0,0,1.0,0,61.0,65.2,57.5,79.0,13.8
4,0,0,0,1,33,4,8,3.2,0.0,0,61.0,72.0,72.0,62.0,68.33333333333333,60.714285714285715,12.98350602000145,62.0,1,0,0,1.0,0,43.0,47.1,66.8,57.1,10.0
4,0,0,0,1,33,4,15,6.0,0.0,0,43.0,61.0,61.0,43.0,55.0,55.0,11.846237095943811,52.0,1,0,0,1.0,0,72.0,74.6,52.0,90.4,15.8
4,0,0,0,1,33,4,8,3.2,0.0,0,72.0,43.0,61.0,72.0,58.666666666666664,59.142857142857146,12.019824893740132,59.25,1,0,0,1.0,0,43.0,47.3,62.0,57.3,10.0
4,0,0,0,1,33,4,14,5.6,0.0,0,61.0,43.0,43.0,61.0,49.0,54.857142857142854,11.753418955471588,52.0,1,0,0,1.0,0,62.0,65.0,52.0,78.7,13.7
4,0,0,0,1,33,4,8,3.2,0.0,0,62.0,61.0,43.0,43.0,55.333333333333336,55.0,11.846237095943804,52.25,1,0,0,1.0,0,43.0,47.3,52.2,57.3,10.0
4,0,0,0,1,33,4,8,3.2,0.0,0,61.0,43.0,72.0,43.0,58.666666666666664,56.285714285714285,13.288018233409051,59.0,1,0,0,1.0,0,42.0,47.5,54.8,57.5,10.0
4,0,0,0,1,33,4,14,5.6,0.0,0,42.0,61.0,43.0,43.0,48.666666666666664,56.142857142857146,13.458932243786649,54.5,1,0,0,1.0,0,61.0,64.9,47.2,78.6,13.7
4,0,0,0,2,32,4,14,5.6,0.0,0,43.0,60.0,72.0,43.0,58.333333333333336,53.714285714285715,13.948886284266917,61.75,1,0,0,1.0,0,55.0,60.4,54.5,73.2,12.8
4,0,0,0,2,32,4,15,6.0,0.0,0,55.0,43.0,60.0,43.0,52.666666666666664,55.42857142857143,13.125765283810944,57.5,1,0,0,1.0,0,65.0,71.6,50.2,86.7,15.1
4,0,0,0,2,32,4,8,3.2,0.0,0,65.0,55.0,43.0,43.0,54.333333333333336,58.57142857142857,12.259107401670752,55.75,1,0,0,1.0,0,39.0,42.6,51.5,51.6,9.0
4,0,0,0,2,32,4,8,3.2,0.0,0,39.0,55.0,65.0,55.0,53.0,57.142857142857146,9.35287070776528,56.0,1,0,0,1.0,0,39.0,42.5,53.5,51.5,9.0
4,0,0,0,2,32,4,14,5.6,0.0,0,39.0,39.0,55.0,65.0,44.333333333333336,54.857142857142854,11.639423975273532,49.5,1,0,0,1.0,0,55.0,59.9,49.5,72.6,12.7
4,0,0,0,2,32,4,15,6.0,0.0,0,55.0,39.0,39.0,56.0,44.333333333333336,53.42857142857143,10.768118728559873,47.0,1,0,0,1.0,0,65.0,69.3,47.2,84.0,14.7
5,1,1,0,1,31,4,14,5.6,0.0,0,78.0,66.0,47.0,78.0,63.666666666666664,68.42857142857143,11.193110125684651,67.25,0,0,0,1.0,0,58.0,62.6,67.2,75.8,13.2
5,1,1,0,1,31,4,8,3.2,0.0,0,58.0,78.0,66.0,66.0,67.33333333333333,65.57142857142857,10.891237194140796,62.25,0,0,0,1.0,0,40.0,43.1,67.0,52.2,9.1
5,1,1,0,1,31,4,15,6.0,0.0,0,40.0,58.0,78.0,66.0,58.666666666666664,61.857142857142854,14.54222096091847,60.5,0,0,0,1.0,0,68.0,70.9,60.5,85.9,15.0
5,1,1,0,1,31,4,15,6.0,0.0,0,66.0,47.0,78.0,47.0,63.666666666666664,64.0,12.793227374929826,64.25,0,0,0,1.0,0,68.0,74.0,59.5,89.7,15.7
5,1,1,0,1,31,4,14,5.6,0.0,0,68.0,66.0,47.0,66.0,60.333333333333336,67.0,10.376254944181726,64.75,0,0,0,1.0,0,58.0,61.1,61.8,74.0,12.9
5,1,1,0,1,31,4,8,3.2,0.0,0,58.0,68.0,66.0,78.0,64.0,65.85714285714286,10.93051647801598,59.75,0,0,0,1.0,0,41.0,42.8,67.5,51.9,9.1
5,1,1,0,1,31,4,15,6.0,0.0,0,66.0,78.0,66.0,78.0,70.0,63.857142857142854,13.018302134924419,64.0,0,0,0,1.0,0,68.0,72.7,72.0,88.1,15.4
5,1,1,0,1,31,4,14,5.6,0.0,0,68.0,66.0,78.0,47.0,70.66666666666667,62.42857142857143,11.688415102957029,69.5,0,0,0,1.0,0,58.0,60.7,64.8,73.5,12.8
5,1,1,0,1,31,4,8,3.2,0.0,0,58.0,68.0,66.0,66.0,64.0,64.0,9.86576572463185,67.5,0,0,0,1.0,0,41.0,43.5,64.5,52.7,9.2
5,1,0,0,1,33,4,8,3.2,0.0,0,43.0,61.0,72.0,72.0,58.666666666666664,58.0,14.560219778560475,62.0,1,0,0,1.0,0,38.0,43.9,62.0,53.2,9.3
5,1,0,0,1,33,4,15,6.0,0.0,0,38.0,43.0,61.0,43.0,47.333333333333336,53.142857142857146,14.780940107996216,53.5,1,0,0,1.0,0,62.0,67.3,46.2,81.5,14.2
5,1,0,0,1,33,4,14,5.6,0.0,0,62.0,38.0,43.0,43.0,47.666666666666664,55.857142857142854,14.346063007302952,51.0,1,0,0,1.0,0,54.0,59.7,46.5,72.3,12.6
5,1,0,0,1,33,4,15,6.0,0.0,0,43.0,72.0,43.0,62.0,52.666666666666664,55.0,11.846237095943811,54.75,1,0,0,1.0,0,63.0,68.7,55.0,83.2,14.5
5,1,0,0,1,33,4,15,6.0,0.0,0,43.0,62.0,61.0,72.0,55.333333333333336,55.0,11.846237095943804,52.25,1,0,0,1.0,0,63.0,69.0,59.5,83.6,14.6
5,1,0,0,1,33,4,8,3.2,0.0,0,63.0,43.0,62.0,61.0,56.0,53.714285714285715,10.045136231268485,57.25,1,0,0,1.0,0,38.0,43.6,57.2,52.8,9.2
5,1,0,0,1,33,4,15,6.0,0.0,0,61.0,42.0,61.0,72.0,54.666666666666664,58.714285714285715,12.188988004400246,51.75,1,0,0,1.0,0,64.0,69.7,59.0,84.4,14.7
5,1,0,0,1,33,4,8,3.2,0.0,0,64.0,61.0,42.0,60.0,55.666666666666664,57.57142857142857,11.058287131635623,57.0,1,0,0,1.0,0,38.0,43.4,56.8,52.6,9.2
5,1,0,0,2,32,4,8,3.2,0.0,0,39.0,65.0,55.0,72.0,53.0,58.0,13.165611772087058,50.5,1,0,0,1.0,0,34.0,39.9,57.8,48.3,8.4
5,1,0,0,2,32,4,15,6.0,0.0,0,34.0,39.0,65.0,72.0,46.0,52.57142857142857,14.222718245317761,48.25,1,0,0,1.0,0,57.0,63.5,52.5,76.9,13.4
5,1,0,0,2,32,4,14,5.6,0.0,0,57.0,34.0,39.0,60.0,43.333333333333336,50.42857142857143,11.71689866328515,48.75,1,0,0,1.0,0,48.0,56.4,47.5,68.3,11.9
5,1,0,0,2,32,4,8,3.2,0.0,0,65.0,55.0,39.0,65.0,53.0,54.714285714285715,11.629191512658007,49.5,1,0,0,1.0,0,34.0,39.9,56.0,48.3,8.4
5,1,0,0,2,32,4,14,5.6,0.0,0,34.0,65.0,55.0,65.0,51.333333333333336,50.285714285714285,12.893335303096487,48.25,1,0,0,1.0,0,48.0,55.5,54.8,67.2,11.7
6,1,1,0,1,31,4,8,3.2,0.0,0,68.0,40.0,58.0,78.0,55.333333333333336,62.142857142857146,14.656381675212678,61.0,0,0,0,1.0,0,42.0,44.8,61.0,54.3,9.5
6,1,1,0,1,31,4,14,5.6,0.0,0,42.0,68.0,40.0,47.0,50.0,57.0,14.479871085981731,52.0,0,0,0,1.0,0,58.0,60.3,49.2,73.1,12.8
6,1,1,0,1,31,4,15,6.0,0.0,0,58.0,42.0,68.0,66.0,56.0,58.57142857142857,13.794408805226062,52.0,0,0,0,1.0,0,68.0,72.3,58.5,87.6,15.3
6,1,1,0,1,31,4,14,5.6,0.0,0,41.0,58.0,68.0,66.0,55.666666666666664,60.57142857142857,12.856349181851726,58.25,0,0,0,1.0,0,58.0,62.3,58.2,75.5,13.2
6,1,1,0,1,31,4,8,3.2,0.0,0,58.0,41.0,58.0,78.0,52.333333333333336,59.42857142857143,12.647228192468322,56.25,0,0,0,1.0,0,41.0,44.3,58.8,53.7,9.4
6,1,1,0,1,31,4,15,6.0,0.0,0,41.0,58.0,41.0,47.0,46.666666666666664,54.142857142857146,11.246163366951945,49.5,0,0,0,1.0,0,68.0,67.6,46.8,81.9,14.3
6,1,0,0,1,31,4,14,5.6,0.0,0,41.0,58.0,68.0,46.0,55.666666666666664,60.42857142857143,13.03657857539186,58.25,0,0,0,1.0,0,54.0,62.0,53.2,75.1,13.1
6,1,0,0,1,31,4,15,6.0,0.0,0,54.0,41.0,58.0,66.0,51.0,61.57142857142857,11.858290248557479,55.25,0,0,0,1.0,0,63.0,73.0,54.8,88.4,15.4
6,1,0,0,1,31,4,8,3.2,0.0,0,63.0,54.0,41.0,78.0,52.666666666666664,61.142857142857146,11.725024114097847,54.0,0,0,0,1.0,0,38.0,45.1,59.0,54.6,9.5
6,1,0,0,1,33,4,8,3.2,0.0,0,54.0,62.0,38.0,72.0,51.333333333333336,57.42857142857143,13.264704329624701,49.25,1,0,0,1.0,0,38.0,46.3,56.5,56.1,9.8
6,1,0,0,1,33,4,14,5.6,0.0,0,38.0,54.0,62.0,72.0,51.333333333333336,52.57142857142857,13.26470432962459,48.0,1,0,0,1.0,0,54.0,63.3,56.5,76.7,13.4
6,1,0,0,1,33,4,15,6.0,0.0,0,54.0,38.0,54.0,61.0,48.666666666666664,50.0,10.279429296738488,52.0,1,0,0,1.0,0,63.0,71.3,51.8,86.4,15.1
6,1,0,0,1,33,4,8,3.2,0.0,0,63.0,43.0,72.0,43.0,59.333333333333336,55.142857142857146,11.950293879629315,55.25,1,0,0,1.0,0,38.0,46.0,55.2,55.7,9.7
6,1,0,0,1,33,4,15,6.0,0.0,0,38.0,63.0,43.0,61.0,48.0,54.42857142857143,12.908100077820485,54.0,1,0,0,1.0,0,63.0,71.5,51.2,86.6,15.1
6,1,0,0,1,33,4,14,5.6,0.0,0,63.0,38.0,63.0,61.0,54.666666666666664,54.714285714285715,13.098527725336552,51.75,1,0,0,1.0,0,54.0,62.4,56.2,75.6,13.2
6,1,0,0,1,33,4,14,5.6,0.0,0,38.0,63.0,43.0,43.0,48.0,50.42857142857143,10.982670331892258,51.5,1,0,0,1.0,0,54.0,61.3,46.8,74.3,13.0
6,1,0,0,1,33,4,8,3.2,0.0,0,54.0,38.0,63.0,43.0,51.666666666666664,52.0,10.519822558705373,49.5,1,0,0,1.0,0,38.0,45.0,49.5,54.5,9.5
6,1,0,0,1,33,4,15,6.0,0.0,0,38.0,64.0,61.0,72.0,54.333333333333336,54.42857142857143,13.176458083226661,51.25,1,0,0,1.0,0,63.0,71.7,58.8,86.9,15.2
6,1,0,0,1,33,4,14,5.6,0.0,0,63.0,38.0,64.0,43.0,55.0,53.142857142857146,11.509830167129799,56.5,1,0,0,1.0,0,54.0,60.8,52.0,73.7,12.9
6,1,0,0,1,33,4,8,3.2,0.0,0,54.0,63.0,38.0,61.0,51.666666666666664,54.714285714285715,10.609968358643222,54.75,1,0,0,1.0,0,38.0,45.8,54.0,55.5,9.7
6,1,0,0,2,32,4,15,6.0,0.0,0,48.0,57.0,34.0,43.0,46.333333333333336,48.714285714285715,10.934872133290199,44.5,1,0,0,1.0,0,57.0,61.8,45.5,74.9,13.1
6,1,0,0,2,32,4,14,5.6,0.0,0,57.0,48.0,57.0,55.0,54.0,50.714285714285715,10.99567014350381,49.0,1,0,0,1.0,0,48.0,58.5,54.2,70.9,12.4
6,1,0,0,2,32,4,8,3.2,0.0,0,48.0,57.0,48.0,65.0,51.0,49.714285714285715,10.85839591766392,52.5,1,0,0,1.0,0,34.0,42.2,54.5,51.1,8.9
6,1,0,0,2,32,4,8,3.2,0.0,0,48.0,34.0,65.0,55.0,49.0,47.857142857142854,11.14194135430781,50.5,1,0,0,1.0,0,34.0,41.4,50.5,50.2,8.8
6,1,0,0,2,32,4,14,5.6,0.0,0,34.0,48.0,34.0,39.0,38.666666666666664,44.857142857142854,11.710800875381352,45.25,1,0,0,1.0,0,48.0,37.9,38.8,45.9,8.0
6,1,0,0,2,32,4,15,6.0,0.0,0,48.0,34.0,48.0,39.0,43.333333333333336,46.142857142857146,11.451762185045299,41.0,1,0,0,1.0,0,57.0,59.1,42.2,71.6,12.5
0,0,1,0,1,31,4,8,3.2,0.0,0,55.0,65.0,39.0,44.0,53.0,51.57142857142857,11.42886904374274,49.25,0,0,0,1.0,0,44.0,46.1,50.8,55.9,9.8
0,0,1,0,1,31,4,14,5.6,0.0,0,44.0,55.0,65.0,55.0,54.666666666666664,51.57142857142857,11.42886904374274,50.75,0,0,0,1.0,0,63.0,62.4,54.8,75.6,13.2
0,0,1,0,1,31,4,15,6.0,0.0,0,63.0,44.0,55.0,65.0,54.0,52.714285714285715,12.202653887771149,56.75,0,0,0,1.0,0,74.0,72.8,56.8,88.2,15.4
0,0,1,0,1,31,4,14,5.6,0.0,0,39.0,55.0,65.0,63.0,53.0,54.42857142857143,11.355720186423971,53.5,0,0,0,1.0,0,63.0,63.2,55.5,76.6,13.4
0,0,1,0,1,31,4,8,3.2,0.0,0,63.0,39.0,55.0,65.0,52.333333333333336,54.42857142857143,11.355720186423971,55.5,0,0,0,1.0,0,44.0,46.0,55.5,55.7,9.7
0,0,1,0,1,31,4,15,6.0,0.0,0,44.0,63.0,39.0,39.0,48.666666666666664,51.42857142857143,10.860588425695653,50.25,0,0,0,1.0,0,74.0,70.9,46.2,85.9,15.0
0,0,0,0,1,31,4,8,3.2,0.0,0,36.0,60.0,51.0,63.0,49.0,52.57142857142857,11.645559137242921,53.0,0,0,0,1.0,0,42.0,46.9,52.5,56.8,9.9
0,0,0,0,1,31,4,15,6.0,0.0,0,42.0,36.0,60.0,55.0,46.0,49.57142857142857,11.207990347025625,47.25,0,0,0,1.0,0,68.0,70.9,48.2,85.9,15.0
0,0,0,0,2,33,4,8,3.2,0.0,0,54.0,33.0,33.0,62.0,40.0,45.42857142857143,11.688415102956263,43.5,1,0,0,1.0,0,37.0,39.9,45.5,48.3,8.4
0,0,0,0,2,33,4,15,6.0,0.0,0,54.0,33.0,46.0,62.0,44.333333333333336,45.285714285714285,11.33893419027542,41.5,1,0,0,1.0,0,62.0,62.4,48.8,75.6,13.2
0,0,0,0,2,33,4,14,5.6,0.0,0,62.0,54.0,33.0,37.0,49.666666666666664,45.285714285714285,11.33893419027542,48.75,1,0,0,1.0,0,52.0,57.7,46.5,69.9,12.2
0,0,0,0,2,33,4,8,3.2,0.0,0,52.0,62.0,54.0,52.0,56.0,47.42857142857143,10.921799956311432,50.25,1,0,0,1.0,0,37.0,42.1,55.0,51.0,8.9
0,0,0,0,2,33,4,14,5.6,0.0,0,33.0,46.0,54.0,62.0,44.333333333333336,48.0,12.151817422370913,41.5,1,0,0,1.0,0,52.0,50.8,48.8,61.5,10.7
0,0,0,0,2,33,4,15,6.0,0.0,0,52.0,33.0,46.0,62.0,43.666666666666664,46.57142857142857,10.737118528063464,46.25,1,0,0,1.0,0,62.0,70.3,48.2,85.2,14.9
0,0,0,0,2,33,4,8,3.2,0.0,0,62.0,52.0,33.0,46.0,49.0,46.57142857142857,10.737118528063464,48.25,1,0,0,1.0,0,37.0,42.2,48.2,51.1,8.9
0,0,0,0,2,33,4,15,6.0,0.0,0,46.0,33.0,46.0,52.0,41.666666666666664,43.0,8.717797887079408,44.75,1,0,0,1.0,0,62.0,63.2,44.2,76.6,13.4
0,0,0,0,2,33,4,14,5.6,0.0,0,62.0,46.0,33.0,37.0,47.0,44.42857142857143,10.96748441009522,46.75,1,0,0,1.0,0,52.0,57.7,44.5,69.9,12.2
0,0,0,0,1,32,4,14,5.6,0.0,0,60.0,51.0,36.0,58.0,49.0,50.285714285714285,10.467637200982896,45.75,1,0,0,1.0,0,58.0,65.3,51.2,79.1,13.8
0,0,0,0,1,32,4,8,3.2,0.0,0,58.0,60.0,51.0,51.0,56.333333333333336,50.285714285714285,10.467637200982896,51.25,1,0,0,1.0,0,41.0,47.3,55.0,57.3,10.0
0,0,0,0,1,32,4,15,6.0,0.0,0,41.0,58.0,60.0,60.0,53.0,48.857142857142854,11.021623767674239,52.5,1,0,0,1.0,0,68.0,73.8,54.8,89.4,15.6
1,0,1,0,1,31,4,14,5.6,0.0,0,74.0,63.0,44.0,38.0,60.333333333333336,54.0,14.047538337136116,59.0,0,0,0,1.0,0,63.0,65.6,54.8,79.5,13.9
1,0,1,0,1,31,4,15,6.0,0.0,0,63.0,74.0,63.0,39.0,66.66666666666667,57.57142857142857,12.380860805521277,61.0,0,0,0,1.0,0,74.0,75.2,59.8,91.1,15.9
1,0,1,0,1,31,4,8,3.2,0.0,0,74.0,63.0,74.0,65.0,70.33333333333333,62.57142857142857,10.564991605251302,68.5,0,0,0,1.0,0,44.0,47.9,69.0,58.0,10.1
1,0,1,0,1,31,4,15,6.0,0.0,0,74.0,44.0,63.0,55.0,60.333333333333336,56.42857142857143,12.163567772342068,55.0,0,0,0,1.0,0,74.0,74.8,59.0,90.6,15.8
1,0,1,0,1,31,4,14,5.6,0.0,0,74.0,74.0,44.0,65.0,64.0,59.142857142857146,13.801311186846355,63.75,0,0,0,1.0,0,63.0,67.6,64.2,81.9,14.3
1,0,1,0,1,31,4,8,3.2,0.0,0,63.0,74.0,74.0,55.0,70.33333333333333,58.857142857142854,13.680016708426814,63.75,0,0,0,1.0,0,44.0,48.0,66.5,58.2,10.2
1,0,0,0,2,33,4,15,6.0,0.0,0,68.0,42.0,36.0,38.0,48.666666666666664,51.42857142857143,13.163803184706456,51.5,1,0,0,1.0,0,62.0,71.7,46.0,86.9,15.2
1,0,0,0,2,33,4,14,5.6,0.0,0,62.0,68.0,42.0,65.0,57.333333333333336,54.857142857142854,12.171395036840826,52.0,1,0,0,1.0,0,52.0,61.9,59.2,75.0,13.1
1,0,0,0,2,33,4,8,3.2,0.0,0,52.0,62.0,68.0,51.0,60.666666666666664,53.0,11.328430311976506,56.0,1,0,0,1.0,0,37.0,43.6,58.2,52.8,9.2
1,0,0,0,2,33,4,15,6.0,0.0,0,37.0,54.0,33.0,36.0,41.333333333333336,41.857142857142854,9.370673604895714,39.25,1,0,0,1.0,0,62.0,44.4,40.0,53.8,9.4
1,0,0,0,2,33,4,8,3.2,0.0,0,62.0,37.0,54.0,46.0,51.0,45.57142857142857,11.559370554620013,46.5,1,0,0,1.0,0,37.0,42.3,49.8,51.2,8.9
1,0,0,0,2,33,4,14,5.6,0.0,0,37.0,62.0,37.0,54.0,45.333333333333336,44.285714285714285,11.996031089686678,47.5,1,0,0,1.0,0,52.0,57.7,47.5,69.9,12.2
1,0,0,0,2,33,4,14,5.6,0.0,0,37.0,52.0,62.0,33.0,50.333333333333336,45.285714285714285,11.33893419027542,51.25,1,0,0,1.0,0,52.0,57.6,46.0,69.8,12.2
1,0,0,0,2,33,4,15,6.0,0.0,0,52.0,37.0,52.0,46.0,47.0,48.0,10.115993936994226,50.75,1,0,0,1.0,0,62.0,69.6,46.8,84.3,14.7
1,0,0,0,2,33,4,8,3.2,0.0,0,37.0,62.0,52.0,33.0,50.333333333333336,45.285714285714285,11.33893419027542,46.0,1,0,0,1.0,0,36.0,42.4,46.0,51.4,9.0
1,0,0,0,2,33,4,15,6.0,0.0,0,36.0,37.0,62.0,54.0,45.0,45.714285714285715,10.843035948081944,46.75,1,0,0,1.0,0,62.0,67.0,47.2,81.2,14.2
1,0,0,0,2,33,4,14,5.6,0.0,0,62.0,36.0,37.0,46.0,45.0,46.857142857142854,12.198750911855422,49.25,1,0,0,1.0,0,52.0,59.0,45.2,71.5,12.5
1,0,0,0,2,33,4,14,5.6,0.0,0,52.0,62.0,46.0,33.0,53.333333333333336,46.57142857142857,10.737118528063457,48.25,1,0,0,1.0,0,52.0,58.1,48.2,70.4,12.3
1,0,0,0,2,33,4,8,3.2,0.0,0,52.0,52.0,62.0,54.0,55.333333333333336,49.285714285714285,8.994707438529257,53.0,1,0,0,1.0,0,37.0,42.9,55.0,52.0,9.1
1,0,0,0,1,32,4,14,5.6,0.0,0,68.0,41.0,58.0,36.0,55.666666666666664,50.0,12.662279942147288,56.75,1,0,0,1.0,0,58.0,65.6,50.8,79.5,13.9
1,0,0,0,1,32,4,8,3.2,0.0,0,58.0,68.0,41.0,36.0,55.666666666666664,53.142857142857146,11.26097348409536,56.25,1,0,0,1.0,0,41.0,47.5,50.8,57.5,10.0
1,0,0,0,1,32,4,15,6.0,0.0,0,41.0,58.0,68.0,51.0,55.666666666666664,53.857142857142854,10.090070555229007,52.0,1,0,0,1.0,0,68.0,75.3,54.5,91.2,15.9
2,0,1,0,1,31,4,14,5.6,0.0,0,0.0,0.0,0.0,0.0,55.0,59.0,13.461054936370175,51.666666666666664,0,0,0,1.0,0,63.0,73.2,1.0,88.7,15.5
2,0,1,0,1,31,4,15,6.0,0.0,0,63.0,0.0,0.0,0.0,54.5,57.333333333333336,11.910779431533474,57.666666666666664,0,0,0,1.0,0,74.0,85.1,15.8,103.1,18.0
2,0,1,0,1,31,4,8,3.2,0.0,0,74.0,63.0,0.0,0.0,68.5,61.166666666666664,13.105978279649506,61.0,0,0,0,1.0,0,44.0,46.4,34.2,56.2,9.8
2,0,1,0,1,31,4,8,3.2,0.0,0,44.0,74.0,63.0,55.0,60.333333333333336,59.57142857142857,12.55464247276791,63.75,0,0,0,1.0,0,44.0,47.0,59.0,56.9,9.9
2,0,1,0,1,31,4,15,6.0,0.0,0,44.0,44.0,74.0,44.0,54.0,58.0,13.8443731048627,56.25,0,0,0,1.0,0,74.0,76.2,51.5,92.3,16.1
2,0,1,0,1,31,4,14,5.6,0.0,0,44.0,63.0,74.0,39.0,60.333333333333336,57.285714285714285,14.784161409136702,63.75,0,0,0,1.0,0,63.0,63.7,55.0,77.2,13.5
2,0,1,0,1,31,4,15,6.0,0.0,0,63.0,44.0,63.0,63.0,56.666666666666664,60.714285714285715,12.43267584116186,61.0,0,0,0,1.0,0,74.0,78.7,58.2,95.3,16.6
2,0,0,0,2,33,4,8,3.2,0.0,0,37.0,52.0,62.0,60.0,50.333333333333336,51.0,12.87115638420417,54.75,1,0,0,1.0,0,37.0,43.0,52.8,52.1,9.1
2,0,0,0,2,33,4,15,6.0,0.0,0,37.0,37.0,52.0,36.0,42.0,47.714285714285715,13.123951205260767,47.0,1,0,0,1.0,0,62.0,68.7,40.5,83.2,14.5
2,0,0,0,2,33,4,8,3.2,0.0,0,52.0,37.0,62.0,33.0,50.333333333333336,44.0,11.747340124469334,47.0,1,0,0,1.0,0,37.0,42.6,46.0,51.6,9.0
2,0,0,0,2,33,4,14,5.6,0.0,0,37.0,52.0,37.0,33.0,42.0,44.57142857142857,11.207990347025435,47.0,1,0,0,1.0,0,52.0,56.9,39.8,68.9,12.0
2,0,0,0,2,33,4,15,6.0,0.0,0,52.0,37.0,52.0,54.0,47.0,47.285714285714285,10.193368525896231,44.5,1,0,0,1.0,0,62.0,63.6,48.8,77.1,13.5
2,0,0,0,2,33,4,14,5.6,0.0,0,62.0,52.0,37.0,33.0,50.333333333333336,50.285714285714285,11.324226032628797,50.75,1,0,0,1.0,0,52.0,60.1,46.0,72.8,12.7
2,0,0,0,2,33,4,8,3.2,0.0,0,52.0,62.0,52.0,54.0,55.333333333333336,53.0,8.386497083604578,50.75,1,0,0,1.0,0,37.0,42.5,55.0,51.5,9.0
2,0,0,0,2,33,4,15,6.0,0.0,0,52.0,62.0,36.0,33.0,50.0,47.714285714285715,12.338480264524705,46.75,1,0,0,1.0,0,62.0,69.6,45.8,84.3,14.7
2,0,0,0,2,33,4,14,5.6,0.0,0,62.0,52.0,62.0,52.0,58.666666666666664,51.857142857142854,11.408017231001672,53.0,1,0,0,1.0,0,52.0,60.3,57.0,73.1,12.8
2,0,0,0,2,33,4,15,6.0,0.0,0,37.0,52.0,52.0,46.0,47.0,46.857142857142854,9.77119186569172,50.75,1,0,0,1.0,0,62.0,69.0,46.8,83.6,14.6
2,0,0,0,2,33,4,14,5.6,0.0,0,62.0,37.0,52.0,33.0,50.333333333333336,49.142857142857146,11.290535437974675,50.75,1,0,0,1.0,0,52.0,59.8,46.0,72.4,12.6
2,0,0,0,1,32,4,15,6.0,0.0,0,68.0,41.0,58.0,60.0,55.666666666666664,56.285714285714285,11.265201369915214,58.75,1,0,0,1.0,0,68.0,74.7,56.8,90.5,15.8
2,0,0,0,1,32,4,8,3.2,0.0,0,68.0,68.0,41.0,58.0,59.0,57.42857142857143,12.081075322683807,58.75,1,0,0,1.0,0,41.0,47.4,58.8,57.4,10.0
3,0,1,0,1,31,4,8,3.2,0.0,0,44.0,74.0,63.0,0.0,60.333333333333336,56.0,12.66491215918898,60.333333333333336,0,0,0,1.0,0,44.0,45.7,45.2,55.4,9.7
3,0,1,0,1,31,4,14,5.6,0.0,0,44.0,44.0,74.0,0.0,54.0,55.833333333333336,12.843935014886963,56.25,0,0,0,1.0,0,63.0,62.5,40.5,75.7,13.2
3,0,1,0,1,31,4,15,6.0,0.0,0,63.0,44.0,44.0,0.0,50.333333333333336,55.666666666666664,12.722683155161855,56.25,0,0,0,1.0,0,74.0,72.4,37.8,87.7,15.3
3,0,1,0,1,31,4,15,6.0,0.0,0,74.0,44.0,44.0,63.0,54.0,62.285714285714285,13.42527821827458,59.0,0,0,0,1.0,0,74.0,77.6,56.2,94.0,16.4
3,0,1,0,1,31,4,14,5.6,0.0,0,74.0,74.0,44.0,74.0,64.0,63.857142857142854,14.1471854848532,59.0,0,0,0,1.0,0,63.0,66.0,66.5,80.0,14.0
3,0,1,0,1,31,4,8,3.2,0.0,0,63.0,74.0,74.0,63.0,70.33333333333333,62.285714285714285,13.42527821827458,63.75,0,0,0,1.0,0,44.0,47.2,68.5,57.2,10.0
3,0,1,0,1,31,4,8,3.2,0.0,0,74.0,63.0,44.0,44.0,60.333333333333336,62.285714285714285,13.425278218274576,61.0,0,0,0,1.0,0,44.0,47.3,56.2,57.3,10.0
3,0,0,0,2,33,4,14,5.6,0.0,0,62.0,37.0,37.0,42.0,45.333333333333336,51.42857142857143,12.933897876730269,47.0,1,0,0,1.0,0,52.0,59.6,44.5,72.2,12.6
3,0,0,0,2,33,4,15,6.0,0.0,0,52.0,62.0,37.0,68.0,50.333333333333336,52.857142857142854,12.253279444411273,47.0,1,0,0,1.0,0,62.0,69.2,54.8,83.8,14.6
3,0,0,0,2,33,4,8,3.2,0.0,0,62.0,52.0,62.0,62.0,58.666666666666664,52.0,11.180339887497784,53.25,1,0,0,1.0,0,37.0,42.9,59.5,52.0,9.1
3,0,0,0,2,33,4,15,6.0,0.0,0,62.0,52.0,37.0,37.0,50.333333333333336,48.42857142857143,11.443442705425317,50.75,1,0,0,1.0,0,62.0,68.6,47.0,83.1,14.5
3,0,0,0,2,33,4,14,5.6,0.0,0,62.0,62.0,52.0,62.0,58.666666666666664,52.0,11.180339887497782,53.25,1,0,0,1.0,0,52.0,59.8,59.5,72.4,12.6
3,0,0,0,2,33,4,8,3.2,0.0,0,52.0,62.0,62.0,37.0,58.666666666666664,50.57142857142857,10.293317295816431,57.0,1,0,0,1.0,0,37.0,42.8,53.2,51.9,9.1
3,0,0,0,2,33,4,14,5.6,0.0,0,37.0,52.0,62.0,62.0,50.333333333333336,50.57142857142857,10.293317295816431,50.75,1,0,0,1.0,0,52.0,59.5,53.2,72.1,12.6
3,0,0,0,2,33,4,8,3.2,0.0,0,52.0,37.0,52.0,52.0,47.0,49.142857142857146,9.063269671748088,50.75,1,0,0,1.0,0,37.0,42.6,48.2,51.6,9.0
3,0,0,0,2,33,4,15,6.0,0.0,0,37.0,52.0,37.0,37.0,42.0,47.0,9.99999999999849,44.5,1,0,0,1.0,0,62.0,62.4,40.8,75.6,13.2
3,0,0,0,2,33,4,14,5.6,0.0,0,52.0,62.0,52.0,62.0,55.333333333333336,51.857142857142854,11.408017231001672,57.0,1,0,0,1.0,0,52.0,60.0,57.0,72.7,12.7
3,0,0,0,2,33,4,15,6.0,0.0,0,52.0,52.0,62.0,37.0,55.333333333333336,50.42857142857143,10.517559014287503,54.5,1,0,0,1.0,0,62.0,70.2,50.8,85.0,14.8
3,0,0,0,2,33,4,8,3.2,0.0,0,62.0,52.0,52.0,36.0,55.333333333333336,54.0,9.380831519645566,57.0,1,0,0,1.0,0,37.0,42.5,50.5,51.5,9.0
3,0,0,0,2,33,4,14,5.6,0.0,0,52.0,62.0,37.0,46.0,50.333333333333336,51.857142857142854,8.764104278789572,50.75,1,0,0,1.0,0,52.0,59.5,49.2,72.1,12.6
3,0,0,0,2,33,4,8,3.2,0.0,0,52.0,52.0,62.0,62.0,55.333333333333336,52.714285714285715,8.380817098473745,50.75,1,0,0,1.0,0,37.0,42.2,57.0,51.1,8.9
3,0,0,0,2,33,4,15,6.0,0.0,0,37.0,52.0,52.0,52.0,47.0,49.142857142857146,9.06326967174809,50.75,1,0,0,1.0,0,62.0,69.0,48.2,83.6,14.6
3,0,0,0,1,32,4,14,5.6,0.0,0,41.0,68.0,68.0,41.0,59.0,55.0,13.564659966249673,54.5,1,0,0,1.0,0,58.0,64.5,54.5,78.1,13.6
3,0,0,0,1,32,4,15,6.0,0.0,0,58.0,41.0,68.0,68.0,55.666666666666664,57.42857142857143,12.081075322683809,58.75,1,0,0,1.0,0,68.0,73.1,58.8,88.6,15.5
4,0,1,0,1,31,4,14,5.6,0.0,0,74.0,63.0,44.0,0.0,60.333333333333336,60.333333333333336,13.574485871171838,56.25,0,0,0,1.0,0,63.0,66.7,45.2,80.8,14.1
4,0,1,0,1,31,4,15,6.0,0.0,0,63.0,74.0,63.0,63.0,66.66666666666667,60.714285714285715,12.432675841161865,61.0,0,0,0,1.0,0,74.0,77.3,65.8,93.7,16.4
4,0,1,0,1,31,4,8,3.2,0.0,0,74.0,63.0,74.0,74.0,70.33333333333333,62.285714285714285,13.425278218274578,68.5,0,0,0,1.0,0,44.0,48.0,71.2,58.2,10.2
4,0,1,0,1,31,4,8,3.2,0.0,0,44.0,63.0,74.0,74.0,60.333333333333336,59.57142857142857,15.075997953226665,63.75,0,0,0,1.0,0,44.0,48.1,63.8,58.3,10.2
4,0,1,0,1,31,4,14,5.6,0.0,0,44.0,44.0,63.0,44.0,50.333333333333336,55.285714285714285,14.545495129812709,56.25,0,0,0,1.0,0,63.0,61.7,48.8,74.8,13.1
4,0,1,0,1,31,4,14,5.6,0.0,0,44.0,74.0,63.0,74.0,60.333333333333336,62.285714285714285,13.425278218274576,56.25,0,0,0,1.0,0,63.0,66.3,63.8,80.3,14.0
4,0,0,0,2,33,4,15,6.0,0.0,0,37.0,62.0,52.0,52.0,50.333333333333336,48.42857142857143,11.443442705425317,53.25,1,0,0,1.0,0,62.0,69.2,50.8,83.8,14.6
4,0,0,0,2,33,4,8,3.2,0.0,0,62.0,37.0,62.0,37.0,53.666666666666664,49.857142857142854,12.535663410559064,53.25,1,0,0,1.0,0,36.0,43.2,49.5,52.3,9.1
4,0,0,0,2,33,4,15,6.0,0.0,0,37.0,52.0,62.0,52.0,50.333333333333336,50.57142857142857,10.293317295816431,53.25,1,0,0,1.0,0,62.0,69.8,50.8,84.6,14.8
4,0,0,0,2,33,4,8,3.2,0.0,0,62.0,37.0,52.0,37.0,50.333333333333336,52.0,11.180339887497782,53.25,1,0,0,1.0,0,37.0,42.6,47.0,51.6,9.0
4,0,0,0,2,33,4,14,5.6,0.0,0,37.0,62.0,37.0,52.0,45.333333333333336,52.0,11.180339887497782,47.0,1,0,0,1.0,0,52.0,59.6,47.0,72.2,12.6
4,0,0,0,2,33,4,15,6.0,0.0,0,62.0,37.0,52.0,52.0,50.333333333333336,50.57142857142857,10.29331729581643,47.0,1,0,0,1.0,0,62.0,69.6,50.8,84.3,14.7
4,0,0,0,2,33,4,14,5.6,0.0,0,37.0,62.0,52.0,62.0,50.333333333333336,54.142857142857146,9.063269671748325,50.75,1,0,0,1.0,0,52.0,59.9,53.2,72.6,12.7
4,0,0,0,2,33,4,8,3.2,0.0,0,52.0,37.0,62.0,52.0,50.333333333333336,52.714285714285715,8.380817098473743,50.75,1,0,0,1.0,0,37.0,42.6,50.8,51.6,9.0
4,0,0,0,1,32,4,15,6.0,0.0,0,62.0,37.0,52.0,52.0,50.333333333333336,50.57142857142857,10.293317295816435,50.75,1,0,0,1.0,0,68.0,72.8,50.8,88.2,15.4
4,0,0,0,1,32,4,8,3.2,0.0,0,68.0,62.0,37.0,37.0,55.666666666666664,52.857142857142854,12.253279444411275,54.75,1,0,0,1.0,0,41.0,46.8,51.0,56.7,9.9
4,0,0,0,1,32,4,14,5.6,0.0,0,41.0,68.0,62.0,62.0,57.0,53.42857142857143,11.457997830584954,52.0,1,0,0,1.0,0,58.0,63.8,58.2,77.3,13.5
4,0,0,0,1,32,4,8,3.2,0.0,0,68.0,58.0,41.0,58.0,55.666666666666664,57.42857142857143,12.081075322683809,58.75,1,0,0,1.0,0,41.0,46.7,56.2,56.6,9.9
4,0,0,0,1,32,4,14,5.6,0.0,0,41.0,68.0,58.0,41.0,55.666666666666664,55.0,13.564659966249673,52.0,1,0,0,1.0,0,58.0,64.6,52.0,78.3,13.7
4,0,0,0,1,32,4,15,6.0,0.0,0,58.0,41.0,68.0,68.0,55.666666666666664,57.42857142857143,12.081075322683809,56.25,1,0,0,1.0,0,68.0,73.1,58.8,88.6,15.5
5,1,1,0,1,31,4,14,5.6,0.0,0,44.0,74.0,63.0,44.0,60.333333333333336,58.0,13.8443731048627,63.75,0,0,0,1.0,0,55.0,60.7,56.2,73.5,12.8
5,1,1,0,1,31,4,15,6.0,0.0,0,55.0,44.0,74.0,44.0,57.666666666666664,59.57142857142857,12.55464247276791,59.0,0,0,0,1.0,0,65.0,69.5,54.2,84.2,14.7
5,1,1,0,1,31,4,8,3.2,0.0,0,65.0,55.0,44.0,63.0,54.666666666666664,62.57142857142857,10.564991605251299,59.5,0,0,0,1.0,0,38.0,42.3,56.8,51.2,8.9
5,1,1,0,1,31,4,15,6.0,0.0,0,63.0,44.0,44.0,44.0,50.333333333333336,58.0,13.844373104862699,53.5,0,0,0,1.0,0,65.0,69.5,48.8,84.2,14.7
5,1,1,0,1,31,4,8,3.2,0.0,0,65.0,63.0,44.0,74.0,57.333333333333336,61.0,12.516655570344987,54.0,0,0,0,1.0,0,39.0,43.0,61.5,52.1,9.1
5,1,1,0,1,31,4,14,5.6,0.0,0,39.0,65.0,63.0,74.0,55.666666666666664,56.0,13.416407864997892,52.75,0,0,0,1.0,0,55.0,57.7,60.2,69.9,12.2
5,1,1,0,1,31,4,14,5.6,0.0,0,63.0,44.0,74.0,74.0,60.333333333333336,60.714285714285715,12.43267584116186,61.0,0,0,0,1.0,0,55.0,60.3,63.8,73.1,12.8
5,1,1,0,1,31,4,8,3.2,0.0,0,55.0,63.0,44.0,63.0,54.0,58.0,11.045361017186309,59.0,0,0,0,1.0,0,38.0,42.6,56.2,51.6,9.0
5,1,1,0,1,31,4,15,6.0,0.0,0,38.0,55.0,63.0,44.0,52.0,54.42857142857143,13.023787760057504,50.0,0,0,0,1.0,0,65.0,65.7,50.0,79.6,13.9
5,1,0,0,2,33,4,14,5.6,0.0,0,36.0,62.0,37.0,37.0,45.0,49.714285714285715,12.711075036022743,49.25,1,0,0,1.0,0,46.0,55.1,43.0,66.8,11.7
5,1,0,0,2,33,4,15,6.0,0.0,0,46.0,36.0,62.0,62.0,48.0,51.0,11.618950038621092,45.25,1,0,0,1.0,0,54.0,53.0,51.5,64.2,11.2
5,1,0,0,2,33,4,8,3.2,0.0,0,54.0,46.0,36.0,52.0,45.333333333333336,49.857142857142854,10.714920616107985,49.5,1,0,0,1.0,0,33.0,39.9,47.0,48.3,8.4
5,1,0,0,2,33,4,8,3.2,0.0,0,52.0,37.0,62.0,62.0,50.333333333333336,52.0,11.180339887497782,47.0,1,0,0,1.0,0,33.0,39.9,53.2,48.3,8.4
5,1,0,0,2,33,4,14,5.6,0.0,0,33.0,52.0,37.0,62.0,40.666666666666664,47.857142857142854,12.185080651196403,46.0,1,0,0,1.0,0,46.0,44.0,46.0,53.3,9.3
5,1,0,0,2,33,4,14,5.6,0.0,0,62.0,62.0,37.0,62.0,53.666666666666664,52.0,11.18033988749778,53.25,1,0,0,1.0,0,46.0,48.3,55.8,58.5,10.2
5,1,0,0,2,33,4,8,3.2,0.0,0,46.0,62.0,62.0,52.0,56.666666666666664,49.714285714285715,10.403753901264066,51.75,1,0,0,1.0,0,33.0,34.3,55.5,41.6,7.3
5,1,0,0,2,33,4,15,6.0,0.0,0,33.0,46.0,62.0,37.0,47.0,47.0,12.055427546682164,50.75,1,0,0,1.0,0,54.0,58.3,44.5,70.6,12.3
5,1,0,0,2,33,4,8,3.2,0.0,0,37.0,52.0,37.0,62.0,42.0,50.57142857142857,10.293317295816433,47.0,1,0,0,1.0,0,33.0,33.7,47.0,40.8,7.1
5,1,0,0,2,33,4,15,6.0,0.0,0,33.0,37.0,52.0,52.0,40.666666666666664,46.42857142857143,10.752629800147348,39.75,1,0,0,1.0,0,54.0,41.9,43.5,50.8,8.9
5,1,0,0,2,33,4,14,5.6,0.0,0,54.0,33.0,37.0,52.0,41.333333333333336,46.714285714285715,10.950103282833972,44.0,1,0,0,1.0,0,46.0,36.9,44.0,44.7,7.8
5,1,0,0,1,32,4,14,5.6,0.0,0,58.0,41.0,68.0,52.0,55.666666666666664,52.857142857142854,11.051825964193966,57.25,1,0,0,1.0,0,51.0,46.8,54.8,56.7,9.9
5,1,0,0,1,32,4,15,6.0,0.0,0,51.0,58.0,41.0,52.0,50.0,52.714285714285715,11.071198154283175,54.5,1,0,0,1.0,0,60.0,62.5,50.5,75.7,13.2
5,1,0,0,1,32,4,8,3.2,0.0,0,60.0,51.0,58.0,37.0,56.333333333333336,53.857142857142854,11.393398255546913,52.5,1,0,0,1.0,0,36.0,37.0,51.5,44.8,7.8
5,1,0,0,1,32,4,15,6.0,0.0,0,68.0,58.0,41.0,68.0,55.666666666666664,57.42857142857143,12.081075322683809,58.75,1,0,0,1.0,0,60.0,65.1,58.8,78.9,13.8
5,1,0,0,1,32,4,8,3.2,0.0,0,60.0,68.0,58.0,41.0,62.0,56.285714285714285,11.265201369915214,56.75,1,0,0,1.0,0,36.0,38.6,56.8,46.8,8.2
6,1,1,0,1,31,4,8,3.2,0.0,0,38.0,65.0,55.0,74.0,52.666666666666664,59.0,14.047538337136265,50.5,0,0,0,1.0,0,39.0,40.4,58.0,48.9,8.5
6,1,1,0,1,31,4,15,6.0,0.0,0,39.0,38.0,65.0,63.0,47.333333333333336,54.0,14.047538337136114,49.25,0,0,0,1.0,0,65.0,65.5,51.2,79.4,13.9
6,1,1,0,1,31,4,14,5.6,0.0,0,65.0,39.0,38.0,74.0,47.333333333333336,54.285714285714285,14.279522467671589,51.75,0,0,0,1.0,0,55.0,54.9,54.0,66.5,11.6
6,1,1,0,1,31,4,15,6.0,0.0,0,55.0,39.0,65.0,63.0,53.0,53.285714285714285,10.843035948082232,55.5,0,0,0,1.0,0,65.0,63.6,55.5,77.1,13.5
6,1,1,0,1,31,4,14,5.6,0.0,0,65.0,55.0,39.0,44.0,53.0,53.57142857142857,11.163290178931248,56.0,0,0,0,1.0,0,55.0,53.9,50.8,65.3,11.4
6,1,1,0,1,31,4,8,3.2,0.0,0,55.0,65.0,55.0,44.0,58.333333333333336,55.142857142857146,10.334869317485362,53.5,0,0,0,1.0,0,39.0,38.6,54.8,46.8,8.2
6,1,0,0,1,31,4,14,5.6,0.0,0,65.0,38.0,55.0,63.0,52.666666666666664,57.42857142857143,12.634043201565607,55.25,0,0,0,1.0,0,51.0,55.6,55.2,67.4,11.8
6,1,0,0,1,31,4,15,6.0,0.0,0,51.0,65.0,38.0,74.0,51.333333333333336,55.714285714285715,12.56601615090236,52.25,0,0,0,1.0,0,60.0,65.4,57.0,79.2,13.8
6,1,0,0,1,31,4,8,3.2,0.0,0,60.0,51.0,65.0,44.0,58.666666666666664,53.714285714285715,10.028530728446915,53.5,0,0,0,1.0,0,36.0,37.4,55.0,45.3,7.9
6,1,0,0,2,33,4,8,3.2,0.0,0,33.0,54.0,46.0,62.0,44.333333333333336,47.142857142857146,12.361614935334853,42.25,1,0,0,1.0,0,33.0,35.6,48.8,43.1,7.5
6,1,0,0,2,33,4,15,6.0,0.0,0,33.0,33.0,54.0,37.0,40.0,43.0,11.372481406153176,41.5,1,0,0,1.0,0,54.0,41.3,39.2,50.0,8.7
6,1,0,0,2,33,4,8,3.2,0.0,0,46.0,33.0,52.0,52.0,43.666666666666664,45.57142857142857,10.469911538261258,42.0,1,0,0,1.0,0,33.0,34.3,45.8,41.6,7.3
6,1,0,0,2,33,4,15,6.0,0.0,0,33.0,46.0,33.0,37.0,37.333333333333336,42.857142857142854,10.976164652380028,41.0,1,0,0,1.0,0,54.0,53.4,37.2,64.7,11.3
6,1,0,0,2,33,4,14,5.6,0.0,0,54.0,33.0,46.0,52.0,44.333333333333336,49.42857142857143,11.399665826345645,48.75,1,0,0,1.0,0,46.0,48.7,46.2,59.0,10.3
6,1,0,0,2,33,4,8,3.2,0.0,0,46.0,54.0,33.0,37.0,44.333333333333336,48.57142857142857,11.399665826345615,44.75,1,0,0,1.0,0,33.0,34.0,42.5,41.2,7.2
6,1,0,0,2,33,4,8,3.2,0.0,0,46.0,54.0,33.0,62.0,44.333333333333336,45.857142857142854,10.69935467568765,42.5,1,0,0,1.0,0,33.0,35.2,48.8,42.6,7.4
6,1,0,0,2,33,4,14,5.6,0.0,0,33.0,46.0,54.0,37.0,44.333333333333336,41.714285714285715,8.864052604277212,41.5,1,0,0,1.0,0,46.0,48.5,42.5,58.8,10.3
6,1,0,0,1,32,4,8,3.2,0.0,0,36.0,60.0,51.0,62.0,49.0,53.714285714285715,11.643514442444088,51.25,1,0,0,1.0,0,36.0,38.6,52.2,46.8,8.2
6,1,0,0,1,32,4,14,5.6,0.0,0,36.0,36.0,60.0,68.0,44.0,50.0,12.662279942147288,45.75,1,0,0,1.0,0,51.0,52.7,50.0,63.8,11.1
6,1,0,0,1,32,4,15,6.0,0.0,0,51.0,36.0,36.0,41.0,41.0,47.57142857142857,9.980934205725319,45.75,1,0,0,1.0,0,60.0,44.0,41.0,53.3,9.3
6,1,0,0,1,32,4,14,5.6,0.0,0,36.0,60.0,68.0,58.0,54.666666666666664,55.57142857142857,12.48808956375466,55.5,1,0,0,1.0,0,52.0,56.6,55.5,68.6,12.0
6,1,0,0,1,32,4,15,6.0,0.0,0,52.0,36.0,60.0,68.0,49.333333333333336,54.714285714285715,12.499523800452224,54.0,1,0,0,1.0,0,60.0,62.2,54.0,75.4,13.2
6,1,0,0,1,32,4,8,3.2,0.0,0,60.0,52.0,36.0,41.0,49.333333333333336,53.57142857142857,11.399665826345803,52.0,1,0,0,1.0,0,36.0,37.7,47.2,45.7,8.0
0,0,1,0,2,31,4,14,5.6,0.0,0,71.0,42.0,60.0,80.0,57.666666666666664,61.0,14.753530650886576,53.75,0,0,0,1.0,0,68.0,67.8,63.2,82.1,14.3
0,0,1,0,2,31,4,15,6.0,0.0,0,68.0,71.0,42.0,72.0,60.333333333333336,59.285714285714285,12.737271891503172,60.25,0,0,0,1.0,0,80.0,78.6,63.2,95.2,16.6
0,0,1,0,2,31,4,8,3.2,0.0,0,80.0,68.0,71.0,60.0,73.0,60.42857142857143,14.327795164842943,65.25,0,0,0,1.0,0,48.0,46.4,69.8,56.2,9.8
0,0,1,0,2,31,4,15,6.0,0.0,0,71.0,60.0,42.0,48.0,57.666666666666664,56.285714285714285,12.499523800452351,53.75,0,0,0,1.0,0,80.0,78.4,55.2,95.0,16.6
0,0,1,0,2,31,4,8,3.2,0.0,0,80.0,71.0,60.0,71.0,70.33333333333333,60.857142857142854,14.633620780341422,63.25,0,0,0,1.0,0,48.0,46.7,70.5,56.6,9.9
0,0,0,0,2,31,4,8,3.2,0.0,0,66.0,39.0,56.0,48.0,53.666666666666664,57.42857142857143,15.468862734076312,58.0,0,0,0,1.0,0,45.0,44.1,52.2,53.4,9.3
0,0,0,0,2,31,4,15,6.0,0.0,0,45.0,66.0,39.0,80.0,50.0,57.0,15.811388300841275,51.5,0,0,0,1.0,0,75.0,74.7,57.5,90.5,15.8
0,0,0,0,0,33,4,14,5.6,0.0,0,62.0,73.0,44.0,83.0,59.666666666666664,63.42857142857143,13.414633090486157,60.25,1,0,0,1.0,0,70.0,70.6,65.5,85.5,14.9
0,0,0,0,0,33,4,8,3.2,0.0,0,70.0,62.0,73.0,70.0,68.33333333333333,61.57142857142857,10.92179995631206,62.25,1,0,0,1.0,0,50.0,46.2,68.8,56.0,9.8
0,0,0,0,0,33,4,15,6.0,0.0,0,50.0,70.0,62.0,50.0,60.666666666666664,58.714285714285715,10.965313275874834,63.75,1,0,0,1.0,0,83.0,80.2,58.0,97.2,17.0
0,0,0,0,0,33,4,15,6.0,0.0,0,44.0,62.0,74.0,84.0,60.0,63.285714285714285,15.195550727260501,63.25,1,0,0,1.0,0,83.0,85.1,66.0,103.1,18.0
0,0,0,0,0,33,4,8,3.2,0.0,0,83.0,44.0,62.0,44.0,63.0,63.142857142857146,14.97140130858973,65.75,1,0,0,1.0,0,50.0,50.6,58.2,61.3,10.7
0,0,0,0,0,33,4,14,5.6,0.0,0,73.0,44.0,74.0,50.0,63.666666666666664,59.57142857142857,13.41463309048606,58.75,1,0,0,1.0,0,70.0,66.2,60.2,80.2,14.0
0,0,0,0,0,33,4,15,6.0,0.0,0,70.0,73.0,44.0,70.0,62.333333333333336,62.42857142857143,13.163803184706882,65.25,1,0,0,1.0,0,83.0,82.9,64.2,100.4,17.5
0,0,0,0,0,33,4,8,3.2,0.0,0,83.0,70.0,73.0,62.0,75.33333333333333,64.28571428571429,15.17359862518056,67.5,1,0,0,1.0,0,50.0,51.1,72.0,61.9,10.8
0,0,0,0,0,33,4,8,3.2,0.0,0,73.0,44.0,62.0,50.0,59.666666666666664,60.857142857142854,15.323495809034814,55.75,1,0,0,1.0,0,50.0,48.5,57.2,58.8,10.3
0,0,0,0,0,33,4,15,6.0,0.0,0,50.0,73.0,44.0,70.0,55.666666666666664,60.857142857142854,15.323495809034814,57.25,1,0,0,1.0,0,83.0,80.5,59.2,97.5,17.0
0,0,0,0,0,33,4,14,5.6,0.0,0,83.0,50.0,73.0,83.0,68.66666666666667,62.714285714285715,17.27921955909507,62.5,1,0,0,1.0,0,70.0,72.7,72.2,88.1,15.4
0,0,0,0,1,32,4,15,6.0,0.0,0,44.0,62.0,73.0,70.0,59.666666666666664,66.85714285714286,12.57548635810344,60.25,1,0,0,1.0,0,83.0,81.1,62.2,98.3,17.2
0,0,0,0,1,32,4,8,3.2,0.0,0,83.0,44.0,62.0,84.0,63.0,68.71428571428571,13.996598226167377,65.5,1,0,0,1.0,0,50.0,49.9,68.2,60.5,10.6
1,0,1,0,2,31,4,8,3.2,0.0,0,48.0,80.0,68.0,42.0,65.33333333333333,58.714285714285715,15.085470777254837,66.75,0,0,0,1.0,0,48.0,46.0,59.5,55.7,9.7
1,0,1,0,2,31,4,15,6.0,0.0,0,48.0,48.0,80.0,60.0,58.666666666666664,59.57142857142857,14.116859221714158,61.0,0,0,0,1.0,0,80.0,81.6,59.0,98.9,17.3
1,0,1,0,2,31,4,14,5.6,0.0,0,80.0,48.0,48.0,42.0,58.666666666666664,62.42857142857143,16.102351203650308,64.0,0,0,0,1.0,0,68.0,70.7,54.5,85.7,15.0
1,0,1,0,2,31,4,15,6.0,0.0,0,48.0,80.0,71.0,60.0,66.33333333333333,57.57142857142857,14.558584441914725,64.75,0,0,0,1.0,0,80.0,80.1,64.8,97.0,16.9
1,0,1,0,2,31,4,14,5.6,0.0,0,80.0,48.0,80.0,42.0,69.33333333333333,60.42857142857143,16.89040302318737,69.75,0,0,0,1.0,0,68.0,69.1,62.5,83.7,14.6
1,0,0,0,0,33,4,14,5.6,0.0,0,75.0,45.0,66.0,42.0,62.0,56.285714285714285,14.67099503231035,56.25,1,0,0,1.0,0,70.0,65.7,57.0,79.6,13.9
1,0,0,0,0,33,4,15,6.0,0.0,0,70.0,75.0,45.0,71.0,63.333333333333336,60.285714285714285,13.924969009112543,64.0,1,0,0,1.0,0,83.0,80.0,65.2,96.9,16.9
1,0,0,0,0,33,4,14,5.6,0.0,0,83.0,50.0,70.0,62.0,67.66666666666667,63.42857142857143,13.414633090486157,66.25,1,0,0,1.0,0,70.0,70.2,66.2,85.0,14.8
1,0,0,0,0,33,4,8,3.2,0.0,0,70.0,83.0,50.0,44.0,67.66666666666667,64.57142857142857,13.611969522655434,68.25,1,0,0,1.0,0,50.0,49.3,61.8,59.7,10.4
1,0,0,0,0,33,4,8,3.2,0.0,0,50.0,83.0,44.0,62.0,59.0,64.0,13.82027496108474,59.75,1,0,0,1.0,0,50.0,47.7,59.8,57.8,10.1
1,0,0,0,0,33,4,14,5.6,0.0,0,50.0,50.0,83.0,73.0,61.0,62.285714285714285,14.817942791474568,56.75,1,0,0,1.0,0,70.0,69.5,64.0,84.2,14.7
1,0,0,0,0,33,4,15,6.0,0.0,0,50.0,83.0,70.0,44.0,67.66666666666667,62.57142857142857,16.12303882499716,69.0,1,0,0,1.0,0,83.0,84.3,61.8,102.1,17.8
1,0,0,0,0,33,4,14,5.6,0.0,0,83.0,50.0,83.0,74.0,72.0,68.14285714285714,15.356090772378003,71.5,1,0,0,1.0,0,70.0,77.0,72.5,93.3,16.3
1,0,0,0,0,33,4,8,3.2,0.0,0,70.0,83.0,50.0,44.0,67.66666666666667,67.57142857142857,15.175167685587628,71.5,1,0,0,1.0,0,50.0,51.9,61.8,62.9,11.0
1,0,0,0,0,33,4,15,6.0,0.0,0,70.0,83.0,50.0,44.0,67.66666666666667,60.857142857142854,15.323495809034814,69.0,1,0,0,1.0,0,83.0,82.0,61.8,99.3,17.3
1,0,0,0,0,33,4,8,3.2,0.0,0,83.0,70.0,83.0,62.0,78.66666666666667,66.42857142857143,15.26277762900216,71.5,1,0,0,1.0,0,50.0,52.2,74.5,63.2,11.0
1,0,0,0,0,33,4,14,5.6,0.0,0,50.0,83.0,70.0,44.0,67.66666666666667,64.71428571428571,16.469307673308002,71.5,1,0,0,1.0,0,70.0,71.3,61.8,86.4,15.1
1,0,0,0,1,32,4,15,6.0,0.0,0,50.0,83.0,44.0,73.0,59.0,63.857142857142854,13.704361488574008,59.75,1,0,0,1.0,0,83.0,81.3,62.5,98.5,17.2
1,0,0,0,1,32,4,14,5.6,0.0,0,83.0,50.0,83.0,62.0,72.0,65.28571428571429,15.250292737236753,65.0,1,0,0,1.0,0,70.0,69.4,69.5,84.1,14.7
1,0,0,0,1,32,4,8,3.2,0.0,0,70.0,83.0,50.0,73.0,67.66666666666667,66.42857142857143,15.262777629002175,71.5,1,0,0,1.0,0,50.0,50.2,69.0,60.8,10.6
2,0,1,0,2,31,4,8,3.2,0.0,0,0.0,0.0,0.0,0.0,66.0,70.66666666666667,13.33666625010374,69.66666666666667,0,0,0,1.0,0,48.0,48.0,1.0,58.2,10.2
2,0,1,0,2,31,4,15,6.0,0.0,0,48.0,0.0,0.0,0.0,62.5,68.33333333333333,16.095548038717222,60.0,0,0,0,1.0,0,80.0,82.9,12.0,100.4,17.5
2,0,1,0,2,31,4,14,5.6,0.0,0,80.0,48.0,0.0,0.0,64.0,71.33333333333333,16.35440817231418,68.33333333333333,0,0,0,1.0,0,68.0,73.5,32.0,89.0,15.5
2,0,1,0,2,31,4,15,6.0,0.0,0,68.0,80.0,48.0,71.0,65.33333333333333,66.14285714285714,13.371967836093201,61.0,0,0,0,1.0,0,80.0,81.2,66.8,98.4,17.2
2,0,1,0,2,31,4,8,3.2,0.0,0,80.0,68.0,80.0,68.0,76.0,67.42857142857143,14.316158037419441,69.0,0,0,0,1.0,0,48.0,47.1,74.0,57.1,10.0
2,0,1,0,2,31,4,14,5.6,0.0,0,48.0,80.0,68.0,80.0,65.33333333333333,64.57142857142857,16.071269840485545,69.0,0,0,0,1.0,0,68.0,69.3,69.0,84.0,14.7
2,0,1,0,2,31,4,14,5.6,0.0,0,68.0,80.0,48.0,42.0,65.33333333333333,64.14285714285714,14.904457626590874,69.0,0,0,0,1.0,0,68.0,67.6,59.5,81.9,14.3
2,0,1,0,2,31,4,8,3.2,0.0,0,68.0,68.0,80.0,60.0,72.0,67.85714285714286,11.26097348409597,66.0,0,0,0,1.0,0,48.0,45.5,69.0,55.1,9.6
2,0,1,0,2,31,4,15,6.0,0.0,0,48.0,68.0,68.0,71.0,61.333333333333336,66.14285714285714,13.371967836093201,66.0,0,0,0,1.0,0,80.0,80.6,63.8,97.6,17.0
2,0,0,0,0,33,4,8,3.2,0.0,0,83.0,70.0,75.0,56.0,76.0,62.0,16.04161255402079,68.25,1,0,0,1.0,0,50.0,48.2,71.0,58.4,10.2
2,0,0,0,0,33,4,14,5.6,0.0,0,50.0,83.0,70.0,39.0,67.66666666666667,61.142857142857146,16.567322972531617,69.5,1,0,0,1.0,0,70.0,67.6,60.5,81.9,14.3
2,0,0,0,0,33,4,15,6.0,0.0,0,70.0,50.0,83.0,66.0,67.66666666666667,65.57142857142857,13.525989093310987,68.25,1,0,0,1.0,0,83.0,83.8,67.2,101.5,17.7
2,0,0,0,0,33,4,8,3.2,0.0,0,50.0,70.0,83.0,73.0,67.66666666666667,65.42857142857143,12.218253323847115,63.25,1,0,0,1.0,0,50.0,47.3,69.0,57.3,10.0
2,0,0,0,0,33,4,15,6.0,0.0,0,50.0,50.0,70.0,62.0,56.666666666666664,62.142857142857146,12.915476135609872,63.25,1,0,0,1.0,0,83.0,81.0,58.0,98.1,17.1
2,0,0,0,0,33,4,14,5.6,0.0,0,83.0,50.0,50.0,70.0,61.0,65.14285714285714,15.126451130701822,63.25,1,0,0,1.0,0,70.0,69.7,63.2,84.4,14.7
2,0,0,0,0,33,4,14,5.6,0.0,0,70.0,50.0,50.0,74.0,56.666666666666664,61.857142857142854,14.49630494791143,63.25,1,0,0,1.0,0,70.0,66.8,61.0,80.9,14.1
2,0,0,0,0,33,4,15,6.0,0.0,0,70.0,70.0,50.0,62.0,63.333333333333336,61.285714285714285,14.008500820504635,60.0,1,0,0,1.0,0,83.0,78.8,63.0,95.5,16.7
2,0,0,0,0,33,4,8,3.2,0.0,0,50.0,70.0,83.0,73.0,67.66666666666667,68.42857142857143,13.721724173211747,63.25,1,0,0,1.0,0,50.0,49.0,69.0,59.4,10.4
2,0,0,0,0,33,4,14,5.6,0.0,0,50.0,50.0,70.0,70.0,56.666666666666664,65.14285714285714,15.126451130701827,63.25,1,0,0,1.0,0,70.0,69.6,60.0,84.3,14.7
2,0,0,0,0,33,4,15,6.0,0.0,0,70.0,50.0,83.0,73.0,67.66666666666667,68.42857142857143,13.721724173211749,68.25,1,0,0,1.0,0,83.0,88.3,69.0,107.0,18.7
2,0,0,0,0,33,4,14,5.6,0.0,0,83.0,70.0,50.0,50.0,67.66666666666667,69.85714285714286,14.758371312902867,71.5,1,0,0,1.0,0,70.0,73.2,63.2,88.7,15.5
2,0,0,0,0,33,4,8,3.2,0.0,0,70.0,83.0,70.0,83.0,74.33333333333333,72.71428571428571,11.940327825123614,68.25,1,0,0,1.0,0,50.0,48.9,76.5,59.2,10.3
2,0,0,0,1,32,4,8,3.2,0.0,0,50.0,70.0,83.0,62.0,67.66666666666667,63.142857142857146,16.066824737416017,63.25,1,0,0,1.0,0,50.0,47.7,66.2,57.8,10.1
2,0,0,0,1,32,4,15,6.0,0.0,0,50.0,50.0,70.0,44.0,56.666666666666664,61.42857142857143,16.83109367467543,63.25,1,0,0,1.0,0,83.0,78.7,53.5,95.3,16.6
2,0,0,0,1,32,4,14,5.6,0.0,0,83.0,50.0,50.0,83.0,61.0,67.0,16.552945357246504,63.25,1,0,0,1.0,0,70.0,68.7,66.5,83.2,14.5
3,0,1,0,2,31,4,8,3.2,0.0,0,68.0,80.0,48.0,0.0,65.33333333333333,67.5,13.217412757419144,65.33333333333333,0,0,0,1.0,0,48.0,46.6,49.0,56.5,9.9
3,0,1,0,2,31,4,15,6.0,0.0,0,48.0,68.0,80.0,0.0,65.33333333333333,62.666666666666664,14.306175822582638,61.0,0,0,0,1.0,0,80.0,81.6,49.0,98.9,17.3
3,0,1,0,2,31,4,15,6.0,0.0,0,68.0,48.0,80.0,48.0,65.33333333333333,62.857142857142854,14.735767952259621,66.0,0,0,0,1.0,0,80.0,81.2,61.0,98.4,17.2
3,0,1,0,2,31,4,14,5.6,0.0,0,80.0,68.0,48.0,48.0,65.33333333333333,67.42857142857143,14.316158037419443,69.0,0,0,0,1.0,0,68.0,67.7,61.0,82.0,14.3
3,0,1,0,2,31,4,8,3.2,0.0,0,68.0,80.0,68.0,80.0,72.0,70.28571428571429,11.51396667406239,66.0,0,0,0,1.0,0,48.0,45.7,74.0,55.4,9.7
3,0,1,0,2,31,4,14,5.6,0.0,0,80.0,48.0,68.0,80.0,65.33333333333333,67.42857142857143,14.316158037419441,66.0,0,0,0,1.0,0,68.0,68.1,69.0,82.5,14.4
3,0,1,0,2,31,4,15,6.0,0.0,0,68.0,80.0,48.0,48.0,65.33333333333333,65.71428571428571,13.237752650585454,66.0,0,0,0,1.0,0,80.0,79.7,61.0,96.6,16.9
3,0,1,0,2,31,4,8,3.2,0.0,0,80.0,68.0,80.0,80.0,76.0,70.28571428571429,11.513966674062383,69.0,0,0,0,1.0,0,48.0,45.4,77.0,55.0,9.6
3,0,0,0,0,33,4,14,5.6,0.0,0,83.0,70.0,50.0,45.0,67.66666666666667,68.0,15.055453054181244,71.5,1,0,0,1.0,0,70.0,72.6,62.0,88.0,15.4
3,0,0,0,0,33,4,8,3.2,0.0,0,70.0,83.0,70.0,75.0,74.33333333333333,71.57142857142857,11.148350294357714,68.25,1,0,0,1.0,0,50.0,46.9,74.5,56.8,9.9
3,0,0,0,0,33,4,15,6.0,0.0,0,50.0,70.0,83.0,70.0,67.66666666666667,68.0,13.601470508735028,68.25,1,0,0,1.0,0,83.0,87.0,68.2,105.4,18.4
3,0,0,0,0,33,4,8,3.2,0.0,0,70.0,83.0,50.0,50.0,67.66666666666667,65.14285714285714,15.126451130701822,63.25,1,0,0,1.0,0,50.0,48.3,63.2,58.5,10.2
3,0,0,0,0,33,4,15,6.0,0.0,0,50.0,70.0,83.0,83.0,67.66666666666667,65.14285714285714,15.12645113070182,63.25,1,0,0,1.0,0,84.0,83.7,71.5,101.4,17.7
3,0,0,0,0,33,4,8,3.2,0.0,0,83.0,70.0,70.0,44.0,74.33333333333333,64.28571428571429,16.255402032496193,68.25,1,0,0,1.0,0,50.0,48.9,66.8,59.2,10.3
3,0,0,0,0,33,4,14,5.6,0.0,0,50.0,83.0,70.0,83.0,67.66666666666667,65.14285714285714,15.126451130701826,68.25,1,0,0,1.0,0,70.0,69.2,71.5,83.8,14.6
3,0,0,0,0,33,4,14,5.6,0.0,0,70.0,50.0,50.0,83.0,56.666666666666664,65.14285714285714,15.126451130701827,60.0,1,0,0,1.0,0,70.0,68.9,63.2,83.5,14.6
3,0,0,0,0,33,4,15,6.0,0.0,0,70.0,70.0,50.0,50.0,63.333333333333336,63.285714285714285,13.250336922939503,60.0,1,0,0,1.0,0,83.0,79.5,60.0,96.3,16.8
3,0,0,0,0,33,4,8,3.2,0.0,0,83.0,70.0,70.0,83.0,74.33333333333333,68.0,13.601470508735037,68.25,1,0,0,1.0,0,50.0,49.3,76.5,59.7,10.4
3,0,0,0,0,33,4,8,3.2,0.0,0,50.0,70.0,83.0,70.0,67.66666666666667,68.0,13.601470508735046,68.25,1,0,0,1.0,0,50.0,49.0,68.2,59.4,10.4
3,0,0,0,0,33,4,14,5.6,0.0,0,50.0,50.0,70.0,83.0,56.666666666666664,65.14285714285714,15.126451130701838,63.25,1,0,0,1.0,0,70.0,69.6,63.2,84.3,14.7
3,0,0,0,0,33,4,15,6.0,0.0,0,70.0,50.0,50.0,50.0,56.666666666666664,63.285714285714285,13.250336922939516,60.0,1,0,0,1.0,0,83.0,79.3,55.0,96.1,16.8
3,0,0,0,1,32,4,14,5.6,0.0,0,70.0,83.0,50.0,50.0,67.66666666666667,65.14285714285714,15.126451130701849,63.25,1,0,0,1.0,0,70.0,66.7,63.2,80.8,14.1
3,0,0,0,1,32,4,8,3.2,0.0,0,70.0,70.0,83.0,83.0,74.33333333333333,68.0,13.601470508735051,68.25,1,0,0,1.0,0,50.0,47.5,76.5,57.5,10.0
4,0,1,0,2,31,4,8,3.2,0.0,0,80.0,48.0,68.0,0.0,65.33333333333333,66.83333333333333,15.237016330852056,69.0,0,0,0,1.0,0,48.0,49.1,49.0,59.5,10.4
4,0,1,0,2,31,4,14,5.6,0.0,0,48.0,80.0,48.0,0.0,58.666666666666664,62.0,15.949921629900905,61.0,0,0,0,1.0,0,68.0,66.8,44.0,80.9,14.1
4,0,1,0,2,31,4,15,6.0,0.0,0,68.0,48.0,80.0,48.0,65.33333333333333,62.857142857142854,14.735767952259623,61.0,0,0,0,1.0,0,80.0,79.8,61.0,96.7,16.9
4,0,1,0,2,31,4,14,5.6,0.0,0,48.0,68.0,80.0,68.0,65.33333333333333,65.71428571428571,13.237752650585456,66.0,0,0,0,1.0,0,68.0,65.7,66.0,79.6,13.9
4,0,1,0,2,31,4,15,6.0,0.0,0,68.0,48.0,68.0,80.0,61.333333333333336,65.71428571428571,13.237752650585456,66.0,0,0,0,1.0,0,80.0,77.6,66.0,94.0,16.4
4,0,1,0,2,31,4,8,3.2,0.0,0,80.0,68.0,48.0,48.0,65.33333333333333,65.71428571428571,13.237752650585456,66.0,0,0,0,1.0,0,48.0,45.7,61.0,55.4,9.7
4,0,1,0,2,31,4,8,3.2,0.0,0,48.0,80.0,68.0,68.0,65.33333333333333,65.71428571428571,13.237752650585454,69.0,0,0,0,1.0,0,48.0,44.9,66.0,54.4,9.5
4,0,1,0,2,31,4,15,6.0,0.0,0,48.0,48.0,80.0,68.0,58.666666666666664,62.857142857142854,14.735767952259629,61.0,0,0,0,1.0,0,80.0,80.2,61.0,97.2,17.0
4,0,0,0,0,33,4,15,6.0,0.0,0,83.0,50.0,70.0,83.0,67.66666666666667,69.85714285714286,14.758371312902854,71.5,1,0,0,1.0,0,83.0,88.7,71.5,107.5,18.8
4,0,0,0,0,33,4,14,5.6,0.0,0,83.0,83.0,50.0,50.0,72.0,69.85714285714286,14.758371312902854,71.5,1,0,0,1.0,0,70.0,74.0,66.5,89.7,15.7
4,0,0,0,0,33,4,8,3.2,0.0,0,70.0,83.0,83.0,70.0,78.66666666666667,72.71428571428571,11.9403278251236,71.5,1,0,0,1.0,0,50.0,49.7,76.5,60.2,10.5
4,0,0,0,0,33,4,8,3.2,0.0,0,84.0,50.0,70.0,70.0,68.0,65.28571428571429,15.326603077810445,71.75,1,0,0,1.0,0,50.0,50.9,68.5,61.7,10.8
4,0,0,0,0,33,4,14,5.6,0.0,0,50.0,84.0,50.0,50.0,61.333333333333336,62.42857142857143,16.143699935858322,63.5,1,0,0,1.0,0,70.0,69.7,58.5,84.4,14.7
4,0,0,0,0,33,4,15,6.0,0.0,0,70.0,50.0,84.0,50.0,68.0,65.28571428571429,15.326603077810445,63.5,1,0,0,1.0,0,84.0,84.5,63.5,102.4,17.9
4,0,0,0,0,33,4,15,6.0,0.0,0,70.0,50.0,83.0,50.0,67.66666666666667,63.285714285714285,13.250336922939502,68.25,1,0,0,1.0,0,83.0,80.3,63.2,97.3,17.0
4,0,0,0,0,33,4,8,3.2,0.0,0,83.0,70.0,50.0,50.0,67.66666666666667,68.0,13.601470508735035,71.5,1,0,0,1.0,0,50.0,50.8,63.2,61.5,10.7
4,0,0,0,0,33,4,14,5.6,0.0,0,50.0,83.0,70.0,70.0,67.66666666666667,68.0,13.601470508735035,63.25,1,0,0,1.0,0,70.0,73.0,68.2,88.4,15.4
4,0,0,0,0,33,4,8,3.2,0.0,0,50.0,83.0,70.0,70.0,67.66666666666667,63.285714285714285,13.250336922939503,68.25,1,0,0,1.0,0,50.0,46.6,68.2,56.5,9.9
4,0,0,0,0,33,4,14,5.6,0.0,0,50.0,50.0,83.0,50.0,61.0,60.42857142857143,13.709572602833545,63.25,1,0,0,1.0,0,70.0,66.2,58.2,80.2,14.0
4,0,0,0,0,33,4,15,6.0,0.0,0,70.0,50.0,50.0,50.0,56.666666666666664,63.285714285714285,13.250336922939503,63.25,1,0,0,1.0,0,83.0,79.3,55.0,96.1,16.8
4,0,0,0,1,32,4,8,3.2,0.0,0,83.0,70.0,50.0,70.0,67.66666666666667,68.0,13.601470508735046,63.25,1,0,0,1.0,0,50.0,46.9,68.2,56.8,9.9
4,0,0,0,1,32,4,14,5.6,0.0,0,50.0,83.0,70.0,83.0,67.66666666666667,65.14285714285714,15.126451130701838,63.25,1,0,0,1.0,0,70.0,66.5,71.5,80.6,14.1
4,0,0,0,1,32,4,15,6.0,0.0,0,70.0,50.0,83.0,70.0,67.66666666666667,63.285714285714285,13.250336922939516,68.25,1,0,0,1.0,0,84.0,77.7,68.2,94.1,16.4
4,0,0,0,1,32,4,14,5.6,0.0,0,50.0,70.0,70.0,70.0,63.333333333333336,63.285714285714285,13.250336922939539,68.25,1,0,0,1.0,0,70.0,64.7,65.0,78.4,13.7
4,0,0,0,1,32,4,8,3.2,0.0,0,70.0,50.0,70.0,50.0,63.333333333333336,63.285714285714285,13.250336922939539,65.0,1,0,0,1.0,0,50.0,45.8,60.0,55.5,9.7
4,0,0,0,1,32,4,15,6.0,0.0,0,50.0,70.0,50.0,50.0,56.666666666666664,63.285714285714285,13.250336922939539,60.0,1,0,0,1.0,0,83.0,77.7,55.0,94.1,16.4
5,1,1,0,2,31,4,15,6.0,0.0,0,80.0,68.0,48.0,80.0,65.33333333333333,67.42857142857143,14.316158037419445,69.0,0,0,0,1.0,0,72.0,71.2,69.0,86.3,15.1
5,1,1,0,2,31,4,14,5.6,0.0,0,72.0,80.0,68.0,68.0,73.33333333333333,66.28571428571429,13.437686875776503,67.0,0,0,0,1.0,0,60.0,58.7,72.0,71.1,12.4
5,1,1,0,2,31,4,8,3.2,0.0,0,60.0,72.0,80.0,48.0,70.66666666666667,65.14285714285714,13.606721028331686,70.0,0,0,0,1.0,0,42.0,43.8,65.0,53.1,9.3
5,1,1,0,2,31,4,15,6.0,0.0,0,48.0,80.0,68.0,68.0,65.33333333333333,65.71428571428571,13.237752650585456,61.0,0,0,0,1.0,0,71.0,69.1,66.0,83.7,14.6
5,1,1,0,2,31,4,14,5.6,0.0,0,71.0,48.0,80.0,80.0,66.33333333333333,66.14285714285714,13.371967836093205,66.75,0,0,0,1.0,0,60.0,58.8,69.8,71.2,12.4
5,1,1,0,2,31,4,8,3.2,0.0,0,60.0,71.0,48.0,68.0,59.666666666666664,63.285714285714285,11.98212955076908,64.75,0,0,0,1.0,0,42.0,40.5,61.8,49.1,8.6
5,1,1,0,2,31,4,8,3.2,0.0,0,80.0,48.0,48.0,48.0,58.666666666666664,64.57142857142857,16.07126984048555,64.0,0,0,0,1.0,0,42.0,43.0,56.0,52.1,9.1
5,1,1,0,2,31,4,15,6.0,0.0,0,42.0,80.0,48.0,80.0,56.666666666666664,63.714285714285715,17.22124933247916,54.5,0,0,0,1.0,0,71.0,71.2,62.5,86.3,15.1
5,1,0,0,0,33,4,14,5.6,0.0,0,50.0,70.0,83.0,83.0,67.66666666666667,69.85714285714286,14.758371312902854,71.5,1,0,0,1.0,0,62.0,64.8,71.5,78.5,13.7
5,1,0,0,0,33,4,8,3.2,0.0,0,62.0,50.0,70.0,70.0,60.666666666666664,66.85714285714286,13.740797786501032,66.25,1,0,0,1.0,0,44.0,42.9,63.0,52.0,9.1
5,1,0,0,0,33,4,8,3.2,0.0,0,84.0,70.0,50.0,83.0,68.0,70.14285714285714,15.060196672338455,72.0,1,0,0,1.0,0,44.0,46.3,71.8,56.1,9.8
5,1,0,0,0,33,4,14,5.6,0.0,0,44.0,84.0,70.0,70.0,66.0,64.57142857142857,16.641886339966607,62.0,1,0,0,1.0,0,62.0,62.7,67.0,76.0,13.3
5,1,0,0,0,33,4,15,6.0,0.0,0,62.0,44.0,84.0,50.0,63.333333333333336,63.42857142857143,16.480869140279978,65.0,1,0,0,1.0,0,73.0,74.8,60.0,90.6,15.8
5,1,0,0,0,33,4,14,5.6,0.0,0,70.0,50.0,83.0,70.0,67.66666666666667,68.0,13.601470508735035,68.25,1,0,0,1.0,0,62.0,63.3,68.2,76.7,13.4
5,1,0,0,0,33,4,8,3.2,0.0,0,62.0,70.0,50.0,83.0,60.666666666666664,66.85714285714286,13.740797786501037,66.25,1,0,0,1.0,0,44.0,42.9,66.2,52.0,9.1
5,1,0,0,0,33,4,15,6.0,0.0,0,44.0,62.0,70.0,50.0,58.666666666666664,61.285714285714285,14.008500820504635,56.5,1,0,0,1.0,0,74.0,68.0,56.5,82.4,14.4
5,1,0,0,0,33,4,8,3.2,0.0,0,83.0,70.0,50.0,70.0,67.66666666666667,68.0,13.601470508735037,63.25,1,0,0,1.0,0,44.0,44.3,68.2,53.7,9.4
5,1,0,0,0,33,4,14,5.6,0.0,0,44.0,83.0,70.0,70.0,65.66666666666667,64.28571428571429,16.255402032496196,61.75,1,0,0,1.0,0,62.0,62.9,66.8,76.2,13.3
5,1,0,0,1,32,4,15,6.0,0.0,0,84.0,70.0,50.0,50.0,68.0,65.28571428571429,15.32660307781046,71.75,1,0,0,1.0,0,73.0,73.8,63.5,89.4,15.6
5,1,0,0,1,32,4,14,5.6,0.0,0,73.0,84.0,70.0,50.0,75.66666666666667,68.57142857142857,13.902723268687469,69.25,1,0,0,1.0,0,62.0,61.9,69.2,75.0,13.1
5,1,0,0,1,32,4,8,3.2,0.0,0,83.0,50.0,70.0,83.0,67.66666666666667,68.0,13.601470508735051,63.25,1,0,0,1.0,0,44.0,42.8,71.5,51.9,9.1
5,1,0,0,1,32,4,15,6.0,0.0,0,44.0,83.0,50.0,70.0,59.0,62.42857142857143,14.397420403867493,61.75,1,0,0,1.0,0,73.0,69.7,61.8,84.4,14.7
6,1,1,0,2,31,4,14,5.6,0.0,0,42.0,60.0,72.0,80.0,58.0,64.28571428571429,14.985707476506219,63.5,0,0,0,1.0,0,60.0,60.4,63.5,73.2,12.8
6,1,1,0,2,31,4,8,3.2,0.0,0,60.0,42.0,60.0,48.0,54.0,61.42857142857143,13.302344941865112,58.5,0,0,0,1.0,0,42.0,40.2,52.5,48.7,8.5
6,1,1,0,2,31,4,15,6.0,0.0,0,42.0,60.0,42.0,68.0,48.0,60.57142857142857,14.455185261779373,51.0,0,0,0,1.0,0,71.0,69.0,53.0,83.6,14.6
6,1,1,0,2,31,4,8,3.2,0.0,0,42.0,60.0,71.0,48.0,57.666666666666664,59.57142857142857,14.11685922171417,55.25,0,0,0,1.0,0,42.0,41.1,55.2,49.8,8.7
6,1,1,0,2,31,4,14,5.6,0.0,0,42.0,42.0,60.0,68.0,48.0,58.714285714285715,15.08547077725485,53.75,0,0,0,1.0,0,60.0,58.0,53.0,70.3,12.3
6,1,1,0,2,31,4,15,6.0,0.0,0,60.0,42.0,42.0,80.0,48.0,57.57142857142857,14.558584441914727,51.0,0,0,0,1.0,0,71.0,69.9,56.0,84.7,14.8
6,1,0,0,2,31,4,14,5.6,0.0,0,71.0,42.0,80.0,68.0,64.33333333333333,62.42857142857143,16.102351203650315,60.25,0,0,0,1.0,0,56.0,59.6,65.2,72.2,12.6
6,1,0,0,2,31,4,8,3.2,0.0,0,56.0,71.0,42.0,80.0,56.333333333333336,60.714285714285715,16.049032013533143,62.25,0,0,0,1.0,0,39.0,40.8,62.2,49.4,8.6
6,1,0,0,2,31,4,15,6.0,0.0,0,39.0,56.0,71.0,48.0,55.333333333333336,54.857142857142854,15.301727260111381,52.0,0,0,0,1.0,0,66.0,63.9,53.5,77.4,13.5
6,1,0,0,0,33,4,15,6.0,0.0,0,44.0,62.0,50.0,50.0,52.0,63.142857142857146,16.06682473741598,56.5,1,0,0,1.0,0,73.0,76.1,51.5,92.2,16.1
6,1,0,0,0,33,4,14,5.6,0.0,0,73.0,44.0,62.0,83.0,59.666666666666664,66.42857142857143,15.26277762900215,57.25,1,0,0,1.0,0,62.0,65.1,65.5,78.9,13.8
6,1,0,0,0,33,4,15,6.0,0.0,0,73.0,62.0,44.0,84.0,59.666666666666664,66.71428571428571,15.62811873637013,65.75,1,0,0,1.0,0,74.0,77.3,65.8,93.7,16.4
6,1,0,0,0,33,4,14,5.6,0.0,0,74.0,73.0,62.0,50.0,69.66666666666667,65.28571428571429,14.174087692149667,63.25,1,0,0,1.0,0,62.0,62.6,64.8,75.8,13.2
6,1,0,0,0,33,4,8,3.2,0.0,0,62.0,74.0,73.0,70.0,69.66666666666667,67.0,12.662279942147917,67.75,1,0,0,1.0,0,44.0,44.0,69.8,53.3,9.3
6,1,0,0,0,33,4,8,3.2,0.0,0,74.0,44.0,62.0,70.0,60.0,64.71428571428571,13.7199888935116,62.5,1,0,0,1.0,0,44.0,43.4,62.5,52.6,9.2
6,1,0,0,0,33,4,15,6.0,0.0,0,44.0,74.0,44.0,83.0,54.0,61.0,15.459624833739777,56.0,1,0,0,1.0,0,73.0,72.7,61.2,88.1,15.4
6,1,0,0,0,33,4,8,3.2,0.0,0,62.0,44.0,83.0,83.0,63.0,63.142857142857146,16.066824737415992,64.75,1,0,0,1.0,0,44.0,46.4,68.0,56.2,9.8
6,1,0,0,0,33,4,15,6.0,0.0,0,44.0,62.0,44.0,50.0,50.0,57.57142857142857,14.740614447359224,58.25,1,0,0,1.0,0,73.0,68.5,50.0,83.0,14.5
6,1,0,0,1,32,4,15,6.0,0.0,0,62.0,73.0,84.0,70.0,73.0,70.28571428571429,11.814035236591243,72.25,1,0,0,1.0,0,73.0,76.4,72.2,92.6,16.2
6,1,0,0,1,32,4,14,5.6,0.0,0,73.0,62.0,73.0,83.0,69.33333333333333,70.71428571428571,11.856282240711876,73.0,1,0,0,1.0,0,62.0,60.7,72.8,73.5,12.8
6,1,0,0,1,32,4,8,3.2,0.0,0,62.0,73.0,62.0,50.0,65.66666666666667,67.71428571428571,10.843035948082884,67.5,1,0,0,1.0,0,44.0,42.2,61.8,51.1,8.9
6,1,0,0,1,32,4,15,6.0,0.0,0,73.0,44.0,83.0,70.0,66.66666666666667,62.857142857142854,14.70179775207247,62.5,1,0,0,1.0,0,72.0,73.4,67.5,88.9,15.5
6,1,0,0,1,32,4,14,5.6,0.0,0,72.0,73.0,44.0,50.0,63.0,63.142857142857146,14.882076148043883,68.0,1,0,0,1.0,0,62.0,60.1,59.8,72.8,12.7
6,1,0,0,1,32,4,8,3.2,0.0,0,62.0,72.0,73.0,70.0,69.0,64.85714285714286,13.765035069921826,62.75,1,0,0,1.0,0,44.0,42.6,69.2,51.6,9.0
