category_id,weather_code,day_of_week,coef
1,0,0,1.25
1,0,1,0.8
1,0,2,0.8
1,0,3,0.8
1,0,4,0.8
1,0,5,0.8
1,0,6,0.8
1,1,0,1.25
1,1,1,0.8
1,1,2,0.8
1,1,3,0.8
1,1,4,0.8
1,1,5,0.8
1,1,6,0.8
1,2,0,1.2299
1,2,1,0.8
1,2,2,0.8
1,2,3,0.8
1,2,4,0.8
1,2,5,0.8
1,2,6,0.8
1,3,0,0.8
1,3,1,0.8
1,3,2,0.8
1,3,3,0.8
1,3,4,0.8
1,3,5,0.8
1,3,6,0.8
1,5,0,1.25
1,5,1,0.8
1,5,2,0.8
1,5,3,0.8
1,5,4,0.8
1,5,5,0.8
1,5,6,0.8
2,0,0,0.8
2,0,1,0.8
2,0,2,0.8
2,0,3,0.8
2,0,4,0.8
2,0,5,0.8
2,0,6,0.8
2,1,0,0.8
2,1,1,0.8
2,1,2,0.8
2,1,3,0.8
2,1,4,0.8
2,1,5,0.8
2,1,6,0.8
2,2,0,0.8
2,2,1,0.8
2,2,2,0.8
2,2,3,0.8
2,2,4,0.8
2,2,5,0.8
2,2,6,0.8
2,3,0,0.8
2,3,1,0.8
2,3,2,0.8
2,3,3,0.8
2,3,4,0.8
2,3,5,0.8
2,3,6,0.8
2,5,0,0.8
2,5,1,0.8
2,5,2,0.8
2,5,3,0.8
2,5,4,0.8
2,5,5,0.8
2,5,6,0.8
3,0,0,0.8
3,0,1,0.8
3,0,2,0.8
3,0,3,0.8
3,0,4,0.8
3,0,5,0.8
3,0,6,0.8
3,1,0,0.8
3,1,1,0.8
3,1,2,0.8
3,1,3,0.8
3,1,4,0.8
3,1,5,0.8
3,1,6,0.8
3,2,0,0.8
3,2,1,0.8
3,2,2,0.8
3,2,3,0.8
3,2,4,0.8
3,2,5,0.8
3,2,6,0.8
3,3,0,0.8
3,3,1,0.8
3,3,2,0.8
3,3,3,0.8
3,3,4,0.8
3,3,5,0.8
3,3,6,0.8
3,5,0,0.8
3,5,1,0.8
3,5,2,0.8
3,5,3,0.8
3,5,4,0.8
3,5,5,0.8
3,5,6,0.8
4,0,0,1.1285
4,0,1,0.8
4,0,2,0.8
4,0,3,0.8
4,0,4,0.8
4,0,5,0.8
4,0,6,0.8
4,1,0,1.0483
4,1,1,0.8
4,1,2,0.8
4,1,3,0.8
4,1,4,0.8
4,1,5,0.8
4,1,6,0.8
4,2,0,0.922
4,2,1,0.8
4,2,2,0.8
4,2,3,0.8
4,2,4,0.8
4,2,5,0.8
4,2,6,0.8
4,3,0,0.8
4,3,1,0.8
4,3,2,0.8
4,3,3,0.8
4,3,4,0.8
4,3,5,0.8
4,3,6,0.8
4,5,0,0.9372
4,5,1,0.8
4,5,2,0.8
4,5,3,0.8
4,5,4,0.8
4,5,5,0.8
4,5,6,0.8
5,0,0,0.8
5,0,1,0.8
5,0,2,0.8
5,0,3,0.8
5,0,4,0.8
5,0,5,0.8
5,0,6,0.8
5,1,0,0.8
5,1,1,0.8
5,1,2,0.8
5,1,3,0.8
5,1,4,0.8
5,1,5,0.8
5,1,6,0.8
5,2,0,0.8
5,2,1,0.8
5,2,2,0.8
5,2,3,0.8
5,2,4,0.8
5,2,5,0.8
5,2,6,0.8
5,3,1,0.8
5,3,4,0.8
5,3,5,0.8
5,3,6,0.8
5,5,0,0.8
5,5,1,0.8
5,5,2,0.8
5,5,3,0.8
5,5,4,0.8
5,5,5,0.8
5,5,6,0.8
6,0,0,0.8
6,0,1,0.8
6,0,4,0.8
6,0,5,0.8
6,0,6,0.8
6,1,0,0.8
6,1,1,0.8
6,1,2,0.8
6,1,3,0.8
6,1,4,0.8
6,1,5,0.8
6,1,6,0.8
6,2,0,0.8
6,2,3,0.8
6,2,5,0.8
6,3,1,0.8
6,3,4,0.8
6,3,5,0.8
6,3,6,0.8
6,5,0,0.8
6,5,1,0.8
6,5,2,0.8
6,5,4,0.8
7,0,0,0.8
7,0,1,0.8
7,0,4,0.8
7,0,5,0.8
7,0,6,0.8
7,1,0,0.8
7,1,1,0.8
7,1,2,0.8
7,1,3,0.8
7,1,4,0.8
7,1,5,0.8
7,1,6,0.8
7,2,0,0.8
7,2,3,0.8
7,2,5,0.8
7,3,1,0.8
7,3,4,0.8
7,3,5,0.8
7,3,6,0.8
7,5,0,0.8
7,5,1,0.8
7,5,2,0.8
7,5,4,0.8
8,0,0,0.9974
8,0,1,0.8
8,0,4,0.8
8,0,5,0.8
8,0,6,0.8
8,1,0,0.8866
8,1,1,0.8
8,1,2,0.8
8,1,3,0.8
8,1,4,0.8
8,1,5,0.8
8,1,6,0.8
8,2,0,0.948
8,2,3,0.8
8,2,5,0.8
8,3,1,0.8
8,3,4,0.8
8,3,5,0.8
8,3,6,0.8
8,5,0,0.9217
8,5,1,0.8
8,5,2,0.8
8,5,4,0.8
9,0,0,1.25
9,0,1,1.25
9,0,4,1.25
9,0,5,1.25
9,0,6,1.25
9,1,0,1.25
9,1,1,1.25
9,1,2,1.25
9,1,3,1.25
9,1,4,1.25
9,1,5,1.25
9,1,6,1.25
9,2,0,1.25
9,2,3,1.25
9,2,5,1.25
9,3,1,1.25
9,3,4,1.25
9,3,5,1.25
9,3,6,1.25
9,5,0,1.25
9,5,1,1.25
9,5,2,1.25
9,5,4,1.25
10,0,0,1.25
10,0,1,0.8
10,0,4,0.8
10,0,5,0.8
10,0,6,0.8
10,1,0,1.25
10,1,1,0.8
10,1,2,0.8
10,1,3,0.8
10,1,4,0.8
10,1,5,0.8
10,1,6,0.8
10,2,0,1.25
10,2,3,0.8
10,2,5,0.8
10,3,1,0.8
10,3,4,0.8
10,3,5,0.8
10,3,6,0.8
10,5,0,1.25
10,5,1,0.8
10,5,2,0.8
10,5,4,0.8
11,0,0,1.25
11,0,1,0.8
11,0,4,0.8
11,0,5,0.8
11,0,6,0.8
11,1,0,1.25
11,1,1,0.8
11,1,2,0.8
11,1,3,0.8
11,1,4,0.8
11,1,5,0.8
11,1,6,0.8
11,2,0,1.25
11,2,3,0.8
11,2,5,0.8
11,3,1,0.8
11,3,4,0.8
11,3,5,0.8
11,3,6,0.8
11,5,0,1.25
11,5,1,0.8
11,5,2,0.8
11,5,4,0.8
12,0,0,0.8
12,0,1,0.8
12,0,4,0.8
12,0,5,0.8
12,0,6,0.8
12,1,0,0.8
12,1,1,0.8
12,1,2,0.8
12,1,3,0.8
12,1,4,0.8
12,1,5,0.8
12,1,6,0.8
12,2,0,0.8
12,2,3,0.8
12,2,5,0.8
12,3,1,0.8
12,3,4,0.8
12,3,5,0.8
12,3,6,0.8
12,5,0,0.8
12,5,1,0.8
12,5,2,0.8
12,5,4,0.8
13,0,0,0.8
13,0,1,1.0695
13,0,4,1.0901
13,0,5,0.9981
13,0,6,1.0445
13,1,0,0.8
13,1,1,1.0838
13,1,2,1.0822
13,1,3,1.087
13,1,4,1.0737
13,1,5,1.0084
13,1,6,0.9911
13,2,0,0.8
13,2,3,1.0398
13,2,5,1.0314
13,3,1,1.1263
13,3,4,1.1017
13,3,5,0.9941
13,3,6,1.05
13,5,0,0.8
13,5,1,1.0949
13,5,2,1.1021
13,5,4,1.1237
14,0,0,0.8
14,0,1,0.8
14,0,4,0.8
14,0,5,0.8
14,0,6,0.8
14,1,0,0.8
14,1,1,0.8
14,1,2,0.8
14,1,3,0.8
14,1,4,0.8
14,1,5,0.8
14,1,6,0.8
14,2,0,0.8
14,2,3,0.8
14,2,5,0.8
14,3,1,0.8
14,3,4,0.8
14,3,5,0.8
14,3,6,0.8
14,5,0,0.8
14,5,1,0.8
14,5,2,0.8
14,5,4,0.8
