feature,gain,split
price,1463.7264871135121,381
rolling_mean_7,507.16045265400317,914
same_dow_last_4w_mean,243.2754856746178,589
unit_cost,214.52777629648335,54
rolling_std_7,115.91930070868693,580
day_of_week,96.8112778904615,653
category_id,95.20667295658495,451
rolling_mean_3,72.172910202411,329
weather_code,30.430400957236998,516
is_weekend,15.281261541647837,86
lag_1_sold,14.743725883832667,502
lag_7_sold,7.901429070159793,472
is_exam_week,7.87871138995979,234
temp_max_c,4.894392695277929,214
lag_2_sold,4.022006627579685,564
lag_3_sold,3.768258916796185,438
is_school_holiday,0.49116330360993743,23
promotion_flag,0.0,0
discount_rate,0.0,0
has_campus_event,0.0,0
is_state_holiday,0.0,0
special_day,0.0,0
comp_price_ratio,0.0,0
recent_trend_3d,0.0,0
