feature,importance_gain,weight
lag_1_sold,4054907.02357322,0.556448
same_dow_last_4w_mean,1146930.5752844512,0.157391
rolling_mean_7,545621.8862636089,0.074875
rolling_mean_3,435117.745352,0.05971
price,228621.85220351815,0.031373
promotion_flag,227016.2263841629,0.031153
discount_rate,162386.1390721798,0.022284
lag_7_sold,122796.4303356111,0.016851
category_id,116740.28427493572,0.01602
temp_max_c,37215.19054663181,0.005107
lag_2_sold,35119.82013750076,0.004819
lag_3_sold,34228.319292247295,0.004697
rolling_std_7,32541.860225588083,0.004466
recent_trend_3d,31573.559015780687,0.004333
comp_price_ratio,30093.440507531166,0.00413
unit_cost,29903.314995765686,0.004104
is_exam_week,5487.4449144005775,0.000753
is_school_holiday,4665.804834783077,0.00064
has_campus_event,2737.422197818756,0.000376
weather_code,2338.539846509695,0.000321
day_of_week,868.2990585267544,0.000119
is_state_holiday,201.28809797763824,2.8e-05
is_weekend,13.269659996032715,2e-06
special_day,5.875219941139221,1e-06
