feature,weight
day_of_week,0.000106
is_weekend,2e-06
is_exam_week,0.000642
has_campus_event,0.000387
weather_code,0.000233
temp_max_c,0.004374
category_id,0.015771
price,0.030277
unit_cost,0.004178
discount_rate,0.022793
promotion_flag,0.030491
lag_1_sold,0.561451
lag_2_sold,0.004265
lag_3_sold,0.004437
lag_7_sold,0.016586
rolling_mean_3,0.059705
rolling_mean_7,0.078657
rolling_std_7,0.003764
same_dow_last_4w_mean,0.153895
is_school_holiday,0.000518
is_state_holiday,2e-05
special_day,2e-06
comp_price_ratio,0.003848
recent_trend_3d,0.003597
